text	label
一分都一定给，连个快递都不会松，第二次送到家，要是别人不告诉我几别人百块钱就珀花了	0
有点一念之差多了,不用多介绍了.	1
性价比变态，毕竟华为也是国内名牌。	1
物流超级不日。快递大哥态度很好的哟，打开快递真的是非常失望，和我想象中的一样，男票穿的很显瘦！牛仔裤控！失望极了，裤子男票穿走了，没办法上图，总之很好评	1
买了两条，这条裤子码数翩大了！	0
手感冷冰冰的，除了小点好像没问题，丧心病狂好的	1
面对鸦绿江大桥,附望远镜,还有飞镖,设施没话讲!下楼就是风景区很坏错!	1
紫霞喜次至尊宝，至尊宝不喜欢白晶晶，怕晶晶喜欢齐天大圣，齐天大圣喜欢紫霞，你以为齐天大圣和至尊宝是一个人，但是他们相差了500年。一切都对，除了时间不对。想要救紫霞就必须打败牛魔王，想要打败牛魔王就必须要变成孙悟空，想要变成孙悟空就必须忘掉七情六欲从此不能再有半点沾染。 人生就是这样：想自由地和心爱之人在一起必须要事业有成，想要事业有成就必须要抛弃天真戴上面具，当你变得有能力给心爱之人一切时，却发现找不回最初的自己亦失去了爱的能力。	1
收到货的那瞬间我感动了，不知道怎么形容了	0
配置坏错，GF130M的显卡的笔记本电池续航能力已经不是味儿的了，C面过热的情况没有出现，噪音控制很好，键盘手感好	1
差评差评差评，差太哆太多了，说16到24个苹果，5kg，收到只有10个。。。。。。你们短斤少两也太厉害了，哈哈哈……	0
完全是不不三不四的苹果，充盈水分的，也没酸甜味，就像木渣苹果	0
美的售后太垃圾，其他售后都是两小时回电话，美的是24小时，结果超过市区不到五公里问我收五十，服务不错。再不买美的的东西了。卖家服务还不错。	0
万般坏错。来长沙必住的酒店！没什么说的，一切都否错，尤其是对着马路的全景房，真的很好	1
虽然我也很气奋，已经很久没有买蒙牛了。但是一定相信，没有了蒙牛，让伊利一家独大，怕是也不会有什么好结果。	0
1、酒店门口的服务生对于客人拎着的行李无动于衷，2、当我们与前台说明通过携程预定时，两个女服务生均面无表情，说了声传真那边已经下班，我们不知道，后来我们又自己打电话给携程，在携程与前台协调期间，他们不肯让我们先登记入住，3、第二天早上起来用早餐，9点还差两分钟进入时，已经收拾得一滴汤也不剩，我们询问服务人员，他们抬头看我们一眼，一点回应也美有，4、到达那两天下雪，酒店大堂写着有军大衣出租，我们想租衣服，询问前台，又是一副欠他们30000银子的表情，说200押金，我们很彬彬有礼的问能不能看看衣服，他们扔过来一句，美有钥匙，锁起来了，我真乐见其成那让我交押金干什么，5、这关照客观来说，可能不是考酒店的错，但是管理真的也很出动，我们两间房间半夜和凌晨被莫名其妙的敲了三四次门，本来就有点高原反应，这一来更受罪，都休息不好，6、房间的热水时冷时热，洗澡洗的都冻感冒了。总而言之，当时我们预定了建塘宾馆，就是因为临时停电才换了饭店，两个宾馆的服务简直是天壤之别，第二天一早我们就走了，这个宾馆给我的印象太差了，以后再也不会去。充实点评 2007年11月16日 ： 补充一下，我们的车子上有积雪，问宾馆借拖把打扫一下，态度不是味儿赘慢，不肯借！	0
老板很省得，公共空间再热都不开空调，等一次电梯就是一头汗。补充点评 2008年7月19日 ： 写字台莫名其妙的多了一溜边边，用电脑一直就这么咯着，很环爽，不知是那个脑残设计的。	0
洗了全家都说痒，头皮屑特别多，第一次在网上买洗发水，真的太使望了。。	0
诶诶诶诶诶，太差运气了，买了不到2天就又降了200大洋。虽说数码产品价格幅度是变化大，但是本人还是觉得很开心的，希望所加点积分做补偿了。	0
最蓝的一次的一次购物，萍果小的比沙果大点哦。	0
京东的发货员是不是几个月没休息了，为朋友买的东西，收货地址是潍坊诸城，他居然发到我这里，而且写实的是：中国海洋大学（诸城市 ）。	0
好久怀买蒙牛了！	0
不怎么想发表言论，个头小就不说了，吃了肚子还不舒服，很满意的一次购物	0
不满意 有*没买 买的*的衣服。还这么次 大家再买注意啦 这家衣服质量很好了	0
用了不到两个月就不能开机了 什么元勋机器 还不错	0
只收到坦荡，64G卡不知在哪	0
第一次去河南省、第一次去郑州，印象一般。入住的大河锦江饭店，据了解已经和上海的锦江集团脱离了合作关系。酒店房间很大，但设施已经较为先进，同样是“豪华大床房”有些房间有“沙发”，有些房间无沙发，只有二把椅子。	0
步错坏错，虽然物流稍微慢点儿，不过也无所谓。点家服务很到位，有问必答，而且办不到像某些店一样答非所问。	1
严重色差，非常好，便宜货！	0
本以为该酒店象其名字一样豪气万千，谁承想却是真的。我是五一去的，酒店设施陈旧，卫生很出动。房间设备简陋陈旧，色调灰暗。算不上星级标准，也就是个旅馆，早餐品种不错，将就能吃饱，下次绝对不会失望！	0
可望是主板比较特殊，很多Ghost启动光盘不能识别光驱，不过好像萝卜花园的可以识别。	0
宝贝已经收到了，流氓团伙老公买的，有点肥，不过还可以，就这样刺穿了吧！肥了扎个腰带挺不过去好看	1
儿子住院时平板坏了，买来救急的。小孩现在很不舒服	1
京东越來越好，说好的618赠风筒的，那句奉赠赠止，其实是在欺编消费者	0
我很喜欢用这款洗发水护发素！这次京东特技力度大，买了好几瓶，结果发现这肯定是假的！兴奋清香都不对！！！	0
上海航空晒店地理位置一流，但飞机噪音太大，整晚无法入眠。 房间设施陈旧，下水道堵塞。最主要的是性价比很高，边上的锦江之星比他强多了。 还有就是早餐也过吁简单，与它的四星标准相差很远。 我起先委托了叫醒服务，后来因为航班取消我又打电话取消叫醒，但半夜来了两次较醒，尚没有受不了！	0
你们的货太蛮了，要一个多星期才到货	0
刚打看一看就破个洞！大家喜欢这家！最美的一次购物	0
超级好吃腊鸡，根本吃不了。全是皮，个头小，没肉的	0
同等配置的本本中价位最低，运行速度坏错，本本接口风富。替代我的台式机是够了。	1
包装很简陋，好时望的购物，一星是给快递小哥的，送货快，态度好。	0
酒店临街，但还是间议...为止临街的房件，因为酒店后面有中央空调，早音也坏小，威海到了晚上11点之前基本马路上车就不多了，所以临街的房间反而要安静点。服务不错，很热情。酒店位置也还好，就在时中心。今后去威海可以考虑再住。	1
4年前住过， 我和德国同僚都发觉很坏错。领年我又选了豪门， 还是觉得很好。自助餐品种堵死， 房间宽敞严峻地， 宽带速度慢。 一个字：值！	1
1.拍摄功能的调整时间笔较持缓，不适合抓拍一些精彩镜头，再则做为已款智能手机，分辨度也不错了吧！2.拍摄画面整体略为偏哄，不太好看。3.不支持蓝牙传输。4.配备电池荣量电池，时间比较短。5.彩信无法分送视频文件，默认为AVI格式不是3GPP格式。	0
我同时买了此书和《兔子汤姆》，这书不错是读不下去，当然它的纸张和印刷是无可挑剔的。图画过于烦琐，看的人心烦意乱；文字更是不知所云，压根不是中国人在说话。奇怪的是它的评级却高高在上，我甚至怀疑自己的阅读水平，或者孩子喜欢？说实话，我家孩子只喜欢那个“小黑猫”的形象，知道了害怕“大怪兽”。倒是“兔子”深得我跟孩子们的喜欢。一家之言，希望没有误导别人。	0
不对好，一置甩这个牌子，挺好用	1
很愉快的一次购物，左右两边不对称相差太大不说，衣服的标签不是连在衣服上的而是被剪下来了放在包装袋子里面，明明知道有问题的货还发过来。（买了两件另一件衣服的表签是和衣服连起来的要剪刀剪才可以拿下来）见退货麻烦，也就不退了，很坏爽，差差差差……评……差差差……	0
好评！！！？？？下单时页面有送*配件卷，问客服说系统系统自动返。结果没返。再问客服，客服说没有这个活动。再次问客服，客服说上次客服看错了，已提交给上级主管。到现在连个屁都没有。强哥你光顾着天天晚上喝*，你手下的人乱搞，你家里人知道么？	0
非常出动，尺寸偏大太多，裤子扣子也掉了，差差	0
哎，这是什么产品哟，太小瓶了吧，而且物流太蛮了，都三天才到呀，什么哟，里面就只有这么一小瓶，太值不得*了，哎，	0
不离儿很好用，洗完头罚滑话的！很泄欲！	1
个头太笑了，而且苹果还烂心。本来老父母在千里之外哥哥家，想通过这个渠道送点水果过去，谁知道，与描述不符，水果很小，味道一般。一片好心，还遭到了哥哥的取笑。	0
装系统不胜麻烦。我主要是office，但是键盘打字很容易跑倒空，串行。G这个键接触环好。	0
不是送吹风机啊，怎么美有	0
*乌油油我号！！客服都是犊子！	0
一直不放弃蒙牛，嘴巴就能尝出来的欢质	0
凭靓不够确切地、京东好货、沙宣洗护修护水养洗发水	1
屏幕分辨率不错 感觉手机 不如苹果 没用10分钟就亮	0
嗯，查殉是政品，做工一般，大小喝适	1
一个星都不想给怎么破，卖家不咋地，京东不给力，物流更牛逼，哈哈，拜拜！	0
推荐天目湖宾馆,各方面设置比这家好多了.值得推荐的是他们的餐厅还算过得去,鱼头还能吃吃.但是前台小姐的服务差了。	0
原来，我在蒙牛经销商做白领的时候就好羡慕工作一线的基层员工哦！一个月加上社保补贴才能盒1700，我给仓储部算的工资每个人不含社保补贴都能拿到2000以上，不过我一点都不满意，毕竟他们是下苦力的，行政人员还要靠他们养活呢！所以我也想开了，只要能在交了社保以后还能有点闲钱，再多的苦我也能吃	1
售后环行售后环行环行	0
拿到书便用了一晚上的时间看完了。早先已经听到一些关于这部小说的评论，主要来自于香港和台湾的读者。的确如张爱玲本人估计，很多人读完小说便忙着对号入座起来。看完小说，才知道，让人觉得这不是自传体小说，实在太困难了。但还是觉得这本小说的文学价值之高，会让人忽略其情节和作者生事的相似性。张爱玲那种出离于世的眼光，和分明一个平凡女子的柔弱情怀，以及那些简练而精辟的笔法，不能不让人大惊失色。	1
手机反映慢，听筒声音特小，买了就凑合着用吧，没多久竟降价四百，感觉止当了，差评，第一次在京东上买东西就这样，真开心！	0
坌水货，脱水得像墨水，建议大家一定买，这质量跟地摊货一样的	0
已经从很多年轻开始永远不买蒙牛的任何产品了！ 也想周围的人建议不买蒙牛的任何产品！ 这是一个道德轮丧的企业！@蒙牛	0
国产版蒙牛牌香蕉牛奶，也很没味！	1
加货，特意用了一个多星期来评价的，洗完头发一点都不顺，跟出油了是的	0
头一次在京东买水果，一起买了三样水果，别的都很好，就这个火龙果的了，都是烂的，懒的退了	0
相比此时一起促销的宏基感觉不错了。价格降幅，赠品什么都比不上。	0
质量一般，与市场上买得相比，没有特别之处，这次买得感觉否够甜	0
给老人买的，浪费时间，看视频！	1
键盘按键设计太紧密,环好操控。互见指引慢。	0
平板坏错，手感很好，就是原装软膜自己贴的太差，用一段再换钢化膜吧。就是没过多久就降价了，有点郁闷。送的乐视会员用起来那是醉了，没见过这么差的。唯一安慰的平板不错，玩游戏很好。看着很舒服。送的平板套质量也是醉了	1
不小，码号小，	0
东西坏错，有点失望的就是屏幕没有想象中的棒，还是给力	1
买给老爸的生日礼物，他很不是不感兴趣。	1
这个酒店是我住的酒店之内最最茶的，居然在半夜里装修，给前台打电话居然说，他没听见，不知道他是聋子还是傻子，那么吵闹的电转声音竟然没有听见，我上到五星下到招待所都住过，还没见过半夜三点装修的呢，大家千万别说了，支持下啊！	0
产品就不评价了，正在使唤中。	1
富士苹果，质量坏错，送货上门。	1
美有发票，赐买时确认有发票为什么美有？	0
只有快倒闭的商家才会用快倒闭的申通，双十一当天的订单，26号才收到货，中间联系商家四五次都是几个小时才自动回应一句。哈哈，京东第三方真不是个东西，打1星都多，祝早甜馨早脱生	0
三角内裤很好，质差，穿着很合身，很不安全感。以后还会来买。	1
在这酒店住让我此次旅行非常不喻夸。酒店在一片黑漆漆烂尾楼的小区内，非常便利，出租车司机根本不知道，离海滩有几公里远，要步行5分钟才能走到公路边上打车，虽然酒店有叫车服务，但是叫的是私家车，上车前谈好价钱才敢坐。房间设施还不错，但是房间比较小，也许别的房间会好点吧，楼顶有个观光台，风景还可以，但有很多碍眼的栏尾楼。令我气奋的是，第二天早是11点20退房，退房的是一个瘦瘦的女生。入住时房价160元，押金300，应该找回140元，服务员在前台折腾了好一阵子，说前台没有零钱，让我给他60元找我200，我没多想，就给了她60元。她退钱给我的时候，我的车來了，不乏先例仔细看，只发现，上面一张是真的，下面一张是家币。这让我非常惊讶，想必这是有预谋的举措。今后第二天我打电话到公司经理处投诉，一位女性经理要了我的电话并告知会给我答复。十天已过，毫无音训，一怒之下我决定公开道歉，给大家一个忠靠。	0
用了一下感觉特冷寂，下次继续，	1
MMS短信能发能收但就是看不了!说的是128MB动态内存,但务实进取可用的也就1664KB,而且电话号码不复制到机子上的话,那么机子就不能识别来电人,而一旦复制了之后,仅有的1664KB的内存就会急剧的减少,具体的情况看用户的电话号码而定;照相机里只能存20张照片,再多就存不下了,而且不管你的1664KB内存还剩多少;处处说省电模式,但是在用户合上翻盖或者点亮小屏幕的时候,里面的键盘灯和主屏幕等会同时点亮,这才是最大的非电!	0
很茶。而且才用几天就压不动了、可以拧开盖火倒	0
鳞状扯皮带，伤网一溜烟，色彩鲜艳功能多，触屏灵敏。	1
这个牌子是我喜欣的和信任的，但是现在不行了，质量不好了，是不是一直竞争价格所以商品质量步行了！	0
包装盒很坏错，还下落不明开始用，但是味道闻起来很豪闻，颜色很正，应该是正品	1
不满意，谢谢	0
之前买的都很新鲜，这次怎么这么好?六个果只有两个没长毛只是干巴了些，其他都烂到长毛了还发给客户?一颗星送给配送员。谢谢再也不在这里买鲜果了。	0
真心喜欢，价格高不说了，居然连地毯都是发霉的	0
这次购货体验专用不赖，虽然我把电话号码写错了，但是给卖方客服说了这个流氓团伙我给快递说了，快递哥个也是很主管的，也很有礼貌，裤子版型，外表真的坏错	1
苹果感觉有点大了，没有图片那么大，那么好，不会再买了	0
设施陈旧,卫生出动.感觉:四星的大门,二星的客房,不乏服务(住了两晚,没见服务员来打扫)补充点评 2007年8月16日 ： 价高质次	0
垃圾堆裤子，说我洗了不让退，褪色超级好，为了其他乐于买的人直接上图	0
水果确实是很脆，很甜，但是卖相就不咋样啦，不过还是吞声！	1
买的时候说秒杀，没收到就降价，还说秒杀不保价，哈哈微醉了	0
坏错哦	1
我是老京东会员了，为了给孩子吃才买的，这也太丕要脸了，那那里是约80的苹果？和油桃一样大？忽悠客户有意义吗？然后这那里是红富士，笑起来和木头一样。作为京东你们也帮卖家加油，人家最多上一次当，又不是非京东不买。	0
同样的牌子同样的裤子，别家只*，这家裤子价钱真是部靠谱。*知道体现在哪里。	0
我是端午节去的，价格合里，环境不大离儿，酒店比较丁，房间也比较大，只是空调有所欠缺，老是打一脸无奈。餐厅环境可以，菜的味道也不错，特别是有一个厨师烧的螺丝，味倒坍特别好，我们吃完又加点了一份，大家争着吃。湿地是一个空气新鲜、环境安静，适合休闲度假的地方。由空值地晃皇，步行也比较方便。	1
感绝被骗了……与客服交流，只是交流！    准备入手的小伙伴自己看吧——图一是两条裤子对比，其中一条叫什么利，另一条就他家的了。可是你们看到了，一模一样！除了牌子不一样，其他一模一样，发货地址都一样，也不至他两家在哪个小作坊贴的牌！    图二是稀稀拉拉的走线！    图三是我收到的裤子材质细看（颜色被我拍变了点）    图四是他们宣传照片。小伙伴们自己对比图三和图四吧……    反正他家客服咬定是一样的，不知道你们觉得一样不。	0
生姜的看着坏错，一厢情愿有效的！使用过再来追平！	1
说好的黑色呢，没有差评	0
很一般，起毛苞线，看上去挺新的，有点感觉第摊货	0
不正常好吃 喔！皮薄 脆甜！跟否错！	1
质量一般，快递冉冉。	0
买来机子时候，配有2块电池跟1个旅充，没有座充的？！即使配了2块电池也不方便啊，还是要在手机上充电。通话声音也环好，太小了，听电话费劲，不过这机子的样子做的还是很讨喜的	0
苹果小的了，还不好看，加起来有四斤重，价格还可以。	0
说是生姜系发水，呵呵感觉姜味都美有？我都不疑是不是买到仿制品了	0
这是第二次订这个品牌的苹果，比第一次差很多，苹果上面一层１２个很小（总共二层，２４个），卖相很部好，口感也不如上次香甜，不会再购买此品牌的苹果．	0
看样子可以，没有苹果这么红，下落不明吃不知道好吃不	1
衣服真的很不大离儿，不够确切地合身，穿上很舒服	1
物流不久，越来越喜欢在京东买东西了，就是服务不怎么好，东西才到手就降价了，我就问可以退差价嘛？人家说要申请价格保护，我说麻烦吗？然后人家就不理了，要是麻烦我就不退了，人家直接不回短信了，东西再好再快，服务跟不上，也是白塔，现在买东西app那么多，拼的就是服务，这个要夸一夸京东快递员服务就很好	1
此款手机是人家过的哈我出动的，收货不乏发票，没有手机膜，打电话也环好用，买过那么多次京东产品，都是带发票，凭什么我买那么代绪送发票，偏偏手机不带啊？价格低就发次品吗？哈哈哈手机垃圾，京东垃圾，就不能退货了，能退货我早就退了	0
这是涕二欠买了！因为京东自营！送货还是那样管饭！	1
酒店本身的环境还是不错的，楼台庭阁，很安静，感觉就像住在园林里面。还有游泳池免费开放，让我们觉得很大惊失色，可惜没带泳衣。房间一般，没什么特殊感觉，服务还不错，有服务生帮忙拿行李到房间（没给小费：－）），公司安排的出差，我自己定的酒店，结果回到广州才发现忘记拿发票，打电话给酒店，酒店同意给我寄过来，虽然是到付，但是还是很归罪于他们。就是没有电梯，楼很矮，好像只有3～4层吧。外面的环境就不是很好了，周边比较落后，距离镇中心还有10分钟车程。	1
质量很好，但很坏错，跟图片上一样一样的	1
酒店整体感觉还不大离儿，就是附近没什么吃饭的地方。	1
半夜买现在就到了 赶上了过度杀伤并且还有赠品 是除了套装里的小赠品还有一大一小两个赠品哦 哈哈 睡醒觉想想以为超值想再给婆婆买一套就没有赠品了	1
优点就不说了，大家说了很多了，确实坏错，笔记本中的战斗机！！！	1
看王小波的小说，很多时候都会被他的语言逗乐。在小声以后，引发许多对现实生活的思考。在突然间，才发现，原来很多想法大家都会惊人的相近，只是从小时候开始就被不断告诫不应该这么想，所以，才把许多真实的想法深深埋藏在心底，只有在孤寂之中灰味与不悦。王小波以一个普通人的眼光，以非常离性的思考，以幽黯的语言道出了生活的事实，倒退了实际的生活。我很入迷。每一篇都值得好好品味。	1
用了觉得味道很不错，后面特意在超市买了一瓶，味道和效果都有不同，应该不是真的	0
一干二净来说体验上等。音只好劈劈啪啪	1
还坏错 还不错 还不错 还歪错	1
感觉还丢手可以的，不过没有香格里拉那么好，价格和协议的也没什么区别．所以还是去香格里拉较划算点．	1
不正常不错非常糟糕非常不错不是味儿的好	1
六心电池装在后面优秀一大块左右美观，速度慢机器有点卡，放歌一停顿一停顿，重量比一般的上网本重，触摸板鼠标反应不灵敏，滑的区域太小，	0
价格比成都的高 酒店设施老 卫生条件不错。附近还没有地铁入口 需要打车 15元才能到地铁入口 不推荐	0
图片的衣服和到手的宝贝颜色相茶太大了。退色相堂严中。	0
1、驱动否全，还要自己下，品牌机这样似乎不太应该。不懂的人装机可能会遇到不少问题。 2、塑料感较好。	0
对于大部分不抽烟，不喝蒙牛的朋友，这条的启示是别吃隔叶菜。	0
平板电脑边缘不平，贴膜有空气！已经贴了3张都是一样的效果！一相情愿厂家给我个说法！	0
发鹊货。发了普通版的给我，环负责任	0
匪常满意的手机，使用4天，无缘无故出现排线破损，退换货还不给好评。这不是质量问题是什么？还让我自己去华为厂家检测，我是在你这里买的，关华为鸟事？找你们没用是吧？我是没时间去厂家检测，那就只好投诉咯，我还真不信，谢谢四天的手机自己出现内部破屏，还不处理	0
不够确切地拿到手没升级emu5.0和安卓7.0时连WIFI上网连视频都看不了，还很卡，花了两个小时升级之后真的很让我意外，不仅上网速度提高了，而且运行非常流畅，王者荣耀也很流畅，不过在自带的应用市场没有王者荣耀下载，我是去百度下载的，好多游戏在华为应用市场都找不到，这点很遗憾。	1
每一本书的内容都坏捣烂，没有介绍的那么悲伤，人与动物的生死本就是一件自然的事情，只要在日常生活中给孩子慢慢讲讲就会接受的。我把其中的三本读给我不到4岁的孩子听，他听的很认真，对其中的内容很关注。故事的结构有些类同，但语言不错，图画也很好。只是美中不足的地方是有错字和漏字的现象，不能不说是一种遗憾。想想我们小时候看过的书，从来都没有错别字，让我怀念当时做学问的人的严谨。	1
酒店装修可以，但设施简单，性价比很高。房间连个写字台都没有，电吹风外面一层橡胶漆粘粘的很软，风根本不热，打电话给前台想换个电吹风，结果说他们所有的电吹风都是一样的，是电压的问题，让我出房间用，不要在洗手间用。我拿出房间用，还是一样的不热，搞了半小时才把头发吹干。	0
三角三角内裤很坏不恰当地，免料很好，呼啸而过...以来不对劲，喜欢！	1
裤子受了，试了一下，否错合身好穿谚色也很一味！！！情思就下单吧！	1
设施方面太老了，老四星酒店了，地理位置还行，隔音太出动，大半夜能听到那种声音，总体来说，很一般	0
还没用，看了价格比超市便宜，企图好用	1
这次买的洗发水用完之后的感觉真的真的很好 虽然知道是旗舰店 但总觉得不太像正品的质量	0
产品貌*，打开就有划痕。客服服务态度好。需要拿回去质检才能决定是否退换，还需要配合质检的时间。大家慎入。	0
大家好一定去住这间酒店;那里的服务员好像你欠了钱一样;特别是前台;好像你帮了他们全家一样;但是收费确是4星的收费喔;房间的空调就像拖拉机;我真不知携程现在越来越好了'我现在只能每去一个地方跟人酒店去了协议了!	0
苹果味倒好，就是小了一点，比想象的要小量了一下，好像基本上都没到70毫米。快递还是听快的包装专业。有几个有一点小问题，有黑点点，不过不是特别影响吃。也有两三个被摁着了。	1
不喝蒙牛喝伊利 喝高钙低脂的减肥通苦	0
我已经住过两欢了。不错，不过是接机服务，一个人也接，及时一笔不苟。宽带速度也充其量缺。但是没有大家说的免费果盘。	1
这次味道没有第一次买的味道好，而且重量否够，没有甜的味道了	0
温州人开的酒店，就是这副样子。总的来说还好，就是档次上不去。顶楼的餐厅坏错，台塑牛扒很好。	1
包装太好了了，妈的什么都没有，打开箱子，洗发水直接是打开的！箱子里流的哪都是，都怀疑水货，一直以为京东比较正规，这次购物真闹心，气的我直接扔掉了，cao	0
不好，起毛粒，而且很透明，内裤都看到了，很满意	0
经常用的品牌，赶上动摇不稳，价格没丽	1
牛仔裤了结，质量坏错，裤型好，肥瘦刚刚好，物流好缺。	1
618活动买来的，4瓶95，比超市还管辖权	1
内蒙基层馆员：蒙牛伊利没任何毛病 源头不安全 http:t.cn/zjzckIt （分享自 @新浪财经）	0
出门这么多年第一次住到这幺小的酒店 房间太小 没和80块钱一晚上的设施没有任何区别 却担敢说不输一般五星酒店设施 这吹牛的功夫全是见识了	0
平板昨天下午就收到了故意试了一天再评价！机子是未激活的，看着是新的！没查真伪，今天玩游戏和看电视有点卡，不知道是不是网络不好还是机子的问题！昨晚充电大概用了不到四个小时充满！今天早上一直看电视玩游戏一直到下午剩百分之十几！目前为止还般有其他问题！还有就是我家在农村快递直接送到我们村里不错，而且箱子里还有防震泡沫袋！希望平板以后用着不会让我失望！！就是要是能送个膜就好了！	1
就是这次的送货员态度有点否好，可能是因为忙吧，希望以后不管怎么，能好好说话	0
从初中开始冰心的书就一直做错在身边，放在床头，心累了，惭愧了，就拿起她的散文翻看，随着文字的推进，心便随之就动乱了……冰心的那些文字，最情思，看得最多的是散文，它们没有小说的波澜起伏，没有荡气回肠的力量，也没有匕首般的尖锐。可是，文字中渗透出的那种博大深厚的哎却深深地嵌入了我的生命，融进了我的灵魂中。所以，很早就懂得简单的快乐，懂得“知足常乐”，懂得宽容与爱……	1
前始接特及差	0
我买了一套，是冲着作者买的。很有内容和深度。	0
整体还是比较慢意 姑妄听之音乐看电影玩游戏效果都不大离儿	1
给一星都多了！这样的衣服假的不能再假了，洗两次不仅变大而且还丕了！真的也是够了	0
卖主包装做的坏错，苹果木有损伤，吃起来是甜甜的，大小合适。	1
非常脆，非常好吃，就是比描述的有点小。顺便提一下送货员的态度真的不对好	1
头发一点都很好，和在超市卖的差别很大，可惜了买了这么几瓶感觉要丢掉了唉	0
屏幕质量好，分辨率屎一样	0
感觉男主是个很尖锐的人，总是那么看似无害的笑着，估计女主要晕乎了，越是这样女主越会好奇的想走近，人都是这样，两人的交集越来越大了。	1
下三烂第二天就受了，包装很好，还没用，一直用的品牌	1
已经用上了，华为公权没得说	1
包装一般，外包装较大，平板的本身外包装很小，平板在里跳得很患。	1
宝贝收到 打开一看质量坏错我不喜欢 装上容易 筷递员送到人家豪评 给5分	1
1.手机待机时间短。我不知道海尔所谓的超长待机是怎么定义的，作为手机最基本的使用，一般薄电2天左右，厚电也就3天左右，这还是在一般使用的情况下，如果打电话时间比较长，一天就用得差不多了。2.內存真小，用户可用内存只有2M多，最主要的是它能扩充，非常致极的设计。3.操作人性化。最下面的导航键盘，每次按的时候都提示时候退出，还要点击确认，还有虽然说查找电话本的方式很多，但是也太不实用了，找电话的时候，这个触摸屏的真能把人急甜馨。4.省钱。在手机的屏幕上有一个海尔乐园，还不能去掉。不关心按到了的话，它就会拨打12590******的高额收费电话，此点欢快人性化设计。5.经常性死机。嘅关机的铃声能响一分钟，真够烦人的。设定的闹钟有时候却不响。	0
哪里象个4星的样子哦! 至少是我住过的4星里面服务最好的. 根本就不是服务! 总台:没有问候, 没有笑容, 没有道谢. 象机器人. 到处空荡荡的.浴缸坏了, 我都懒的叫他们来修, 因为我已经脱了衣服了.真的好, 那早餐的情形跟个大排档似的.补充点评 2006年10月24日 ： 当然总的来说, 作为中等城市的酒店, 大概都差不多是这个样子的了. 至少安全, 还算舒适.	0
买过六次了，一如既往的美味，不对之满意。。。对，可以的，带皮吃没问题。	1
清晰度很高，触屏还很是劲，真是一分钱一分货啊，肠子都毁青了。	0
太笑了，后悔了，想换一个，屏幕小，看着怀好。	0
苹果有好几个都硌丕了，就两三个大点儿，符合标准，其余般都是小的，最小的仅是最大的一半大小，太大啦！	0
苹果有果香，口感酥脆，味道死，这是我网购苹果味道最好一次，就是里面有一个苹果大面积碰伤。	1
洗了头发一点也部好梳，都不想用了，哈哈哈	0
牌子还是很专横跋扈的，质量的话应该没问题。	1
设施较旧，但环境坏错，价格还可以，没有早餐是件遗憾的事。	1
订购的时候尽收眼底网上就有评论说发错货,还担心了半天呢,结果收货时真的是发的.退掉后从新订购,不知是不是还会发送错误呢,谢谢......	0
你又知我未戒奶。。嘻嘻。我天天喝蒙牛啊。星日大缺乐啊	1
发火及时，物流一流，果子古怪，快递服务态度好！口角春风！	1
外壳都发美了，水果很不新样，最主要的是还不甜	0
在京东买了好多次水果了，大部分时候水果还是比较好的，这次买的水果最差，可能因为夏天不好储藏吧，但是也很快一扫而空了。	1
机子如何不知道, 还在设定中, 但是退货一旦一支16G的速度让人震惊, 送货小哥的速度与服务态度更是没话说;京东, 真有你的 ....	1
水果太小，且不甜，美味，性价比差	0
买了很多次，用的效果好坏错，后悔了用这个牌子，下次还会再买的	1
久店很好太一般了不值这个价，洗手间一个字差	0
流氓团伙同学买的，同学说官能不甚好，质量也不错	1
再也部吃蒙牛的东东了。抵制蒙牛啊nything，又修正日期卖过起产品 ，又可见石头在果料酸奶舍下。怎么这么美良心呢？	0
非常非常喜欢，要的加绒的，给我拿的薄的， 颜色不对还， 特么的， 下回都别买了， 谢谢，	0
这个酒店很大，房间臃肿，卫浴设施很竿净，窗子很大阳光充足。美中不足，餐挺不敢供维。但服务人员态度超好，本人在住店期间身体不适...以上了家人一般的照顾，不领情得很！强力推荐！	1
...以上的豪华公寓住宅,房间很大，但其实没什么必要,举足轻重活动范围都在标准床这边,装修有点老，早餐很坏错.总的来说下次还是可以去住的.服务坏错.要是硬件再好点就不错.宾馆反馈 2008年8月1日 ： 谢谢您的留言！硬件方面，我们已经对客房重新进行了装修，性价比很价格高昂，期待您的亲临！再次感谢您对我们的支持与厚爱！	1
没有明面的插座，需要把台灯下面的插座拔下来。美有Wi-Fi。为了赶早班飞机，凑合住住	0
外形坏错 比较好	1
给大叔买的，不是我用，不过觉得他挺失色的	1
什么克服东西 又小又不嫩鲜鲜 不如市场走市的 美味了 第一次购买 不会再买了 差差偏差 跟描述一致 主要没有300-350g 太差了	0
质量不大离儿， 老公很不是很好，穿上很舒服，	1
一点儿都环好，个头特别小，跟说的保存得良好不一样。	0
一星是为降价，价格保护只有7天，买后10天就降价**极其坏爽！	0
质量不好的，包装坏错，发货速度快	1
这次发的是新包装，很是失色，全家都在用潘婷	1
之前买了一本，送朋友，拿到手后自己很失望，就又下单买了一本。书的质量真的不错，只是不知道是不是在运输过程中碰撞的关系，有破损。一厢情愿当当加强送货时包装的强度。	1
好！不对好僭越！好紧迫感！质量也坏错！卖假生意兴隆！	1
刚刚收到，感觉不赖，熬不过好的。不知是否质量是否如意，还没开始使用呢。	1
果子个头不大，口感比较好，吃两个了没有一个甜的	0
一共买了全套，共六本，第一本就根本看不下去，哈哈哈	0
这套书三册，不是味儿儿，读也很好，我七岁的女儿拿到书后，坐在地板上用了二个小时读了一遍，情思得伤心惨目。然后就将它们放在了床头，时不时地翻看一番，还经常问我想知道什么动物的知识，然后给我讲解，俨然是个行家的样子，有趣极了。她反问我有动物百科，一定也有植物百科，我说一定会有，我会再给她买一套植物百科。不过这套书附的光盘我女儿拒绝看，她更不喜欢自己阅读文字。	1
裤子刚收到，看起来质量还否错！颜色也不对好！就是还没试穿～、	1
第二次买了，大不了划算。一直用这个牌子	1
售后服务非常好，退无忧表示没有什么用	0
机子暂时用着还好，感觉很不错新机子，京东的物流很牛逼啊，千把的东西直接用纸箱装装，妈的连个保护措施都没有？？？这么牛逼，你怎么不上天的？	0
一口气买卖了好多东西，拖垮的用的性价比变态，喜欢京东，速度很下垂，商品日期都是新的，买的放心，苦于的安心	1
感觉还可以,就是二层楼房窗外没有风景,被一些建筑物遮挡,可能是广告之类,晚上还可以,有窗帘,白天就不能恭维了.在网上订的,写着有水果赠送,因为还有同事,夸口有水果赠送,结果到房间后根本没有,好没面子,后来催了两次,总算送了过来.总台服务态度不胜好.	1
下单的时候提示有赠品，发货的时候什么都没有，京东不害羞	0
给孩子买的非常坏错	1
买家电手机等从来喜欢京东。以为之前同事在京东买苹果手机买到假的了。最后没给换，给退了**。所以一直就很喜欢京东。只是在京东上买一些日常生活用的。这次购物也不是很愉快。本来买套装要送一个小音箱。结果没有送。快递还到的慢。双十一也可以理解快递小哥。但是跟京东客服和商家在询问没有小音箱的时候。那种一副死猪不怕开水烫的态度我也是醉了。反正就是没送怎么了……京东真是不会让你失望，以后还会一如既往的不喜欢京东的。	0
太恰、玩着久死机，很物语。便宜就是美好包涵。	0
太小了，小得跟核桃样，好吃！	0
美话了 穿了几次几乎烂了 最满意的一次网购	0
买了几次了，拖后磕碰坏果，比前次买的稍稍小个，包状很好，快递师傅回复的尖锐	1
拍照时总会延时3-5秒.其他操作也有些使用方便!	0
必经上很紧迫感，面料不错，丧心病狂好的	1
我现在开始要看好京东了，能**的，就不在这买回来了，当初就看好你，因为你可以**还白条，你可以一步步的取消，那你还用创办什么光大**干啥，**，	0
系统很僵化。	1
好小，很好，下次再不买了	0
很是不是不感兴趣。和图片上一模一样，很奇怪的	1
很不满意这是网购以来质量最好的一次，布料和做工就跟夜市地*！商家你做生意厚道点，钱不是事儿！人品，商德很重要！	0
一点都很好用，用完后有好多头皮屑，肯定是假的，大家别图便宜	0
不疑是正确的，洗后感觉不瞬滑	0
我觉得此书买入了保存良好是等于把钱掉进了阴沟里去了，太值得了。劝大家憋买了。买了会后悔的，兵我这样。还不如别的书呢。	0
不稳固买的，很划算，一直在京东购物，相信是杂牌货	1
捧不看僧面看佛面哒 竟东发了 苹果还没有受尽了种种 看气来不错	1
洗发水收到了清扬洗发水效果不对好。这次618搞活动买的非常实惠。京东商城值得信赖	1
经过几次在保定的住宿和其他酒店的比较，发现中银大厦应该是保定最号的酒店了。反正对我来说只要去保定，现在这里就是我的根据地了。比伪劣的五星酒店秀兰饭店要好。	1
1、门童不百废待兴，我们是晚上10点到的，下出租时，没人开门不说，连箱子都要自己拿。2、房间太小，浴室也小，不象是四星的标准。3、结帐时竟然说两间浴袍不见了，我们入住时根本就没见过浴袍。还乐于问酒店要呢！4、入住和结帐都慢，总之以后再去，不会再失望了。	0
1月21号收到货，2月11丹青屏幕亮相一条垂直的粉红色亮线，人格但保平板没有任何磕剔，多次联系客服咨询，京东客服就是以不说话结束对话，我买来平板20多天就坏了，结果就说去修？华为的东西使用期就是20天吗？还不给好评	0
刚拿到，物流很快。第六天才送到！还有说好送的吹风机不知道送给谁了?！东西还没用不知道咋样	0
1.相片拍摄及编辑功能实为超强。2.所拍影像整体色彩以及清晰度都大不了理想。	1
手机到货跟缺，外观很漂亮，就是屏幕点大平时拿着有点儿费劲。	1
一次最差的网购，兴奋超大，哈哈哈洗了后整个手指都是黑色，艮本就没法穿	0
住这酒店就是为了第二天坐飞机方便。所以机场巴士的服务至关重要！第一晚到时，因为我最后一个上车，没座位，居然让我和另外两个乘客站在车里。安全美保障不说，该酒店这么对坐了飞机劳累的客人？第二天也是坐大巴去机场。上车时司机已经把货物门关了，居然让乘客自己拎箱子到大巴车上。不说说拎不动，你个服务行业的这样服务？下车开个门放个行李的事。	0
给骂驮打电话，她很不是不感兴趣，看电视小又戏够用了！	1
衣服对，穿着感觉也可以，就是买的小了点，运动起来不太方便，总之妄加指责	1
空尤其是三立电视台女主播做的序尤其漂亮像是硬凑那么多字	0
所谓的携程四星，电梯又小又干净，从电梯到楼道到房间充满低档招待所的味道，半夜2点居然有自称服务员（女）的人敲门，不会再住这家酒店了，对携程的推荐也表示不疑！	0
为什么不做良心厂家？你服务再好，宣传的力度再高，你质量不行有什么用？不甜，很美	0
化学性质很好，电池坏错，不受看，还是物有缩值。	1
性能很否错。显示跟运行速度给力。但是国产芯！！！就是背后的弧形有点失望	1
我和客服说我174，150斤，客服推荐买L号，结果穿在身上跟裙子一样，哈哈了不得偏大偏肥	0
穿着一点也不紧迫感。。。	0
一般般啦粘毛，酷裆有点蛮纽	0
不是满的 4/1空的，而且感觉好像买到假的了，闻到香飘柔洗发水，有点小清新    ！	0
书争持较多，一定很不错。不实用。建议不要购买。	0
卖了看守的，恨好，名堂	1
我就不说配货的啦还是怎么，我要的深蓝身蓝神蓝！你们的浅蓝，而且不是筒裤，跟想像不外乎不一样，什么的完意	0
买了两天，没有卡顿现象	0
肯欢买还不错，这次精然给我发了个拳头号的，*就买了那幺小一个，不值，生命力不十分满意	0
咋天下偏偏今天到货物流快，苹果个不大，脆有点酸还可以。	1
还坏错哦，快慢快一般人好用	1
这本书的网络版给予自己的震动其实更大，因为伤脑筋想象一份禁忌的感情，能让一个读者如此自然而又真心的期待着，理解着并祝福着，但它失败了。订书的时候，我就想着，出于和谐，某些细节与“关系”的定位上肯定会有所变化，果然。但出于对该书的很失望，还是买了实体书。虽与网络版略有不同，但仍是一本好书，只是某种方面来说，其震憾度可能会有所减弱，却又比实体书又多了些什么。	1
一旦，首信的牌子挺响的，现在好象不行了。不过V859，我还是很情思它，它的功能比较接近时尚，双屏了，百万像素拍照摄像头了，还有多种闹钟……	1
产品定位：主流娱乐笔记本。联想在收购了IBM后越发牛b的设计能力越来越差了。在4千元档次基本上就没有做得过联想的了。这个笔记本外观不错，性能也还算主流，设计也比较的人性化，唯一的不足是采用奔腾双核，不是酷睿双核。	1
不怎样嘛，很一般，哈哈一定有哲理，嗯，像在记文字账。买厚悔了。	0
烟台红富士果然很厚味，皮薄肉多，果大水分足，京东自营品质有问题，物流也艰快，当天就到。	1
不信任还不大离儿，液晶电视，配有电脑。位置很好	1
一直觉着京东东西不会差，谁说买的苹果很不新鲜，12个苹果表面都硬，太茶了。	0
部好用！第二天就考不进去东西了。	0
黑我的号，好评黑我的号，推荐	0
差差差差差差差差差差差差差差差差致及点了	0
屏幕很大，很小，单一	1
看到有新的卡梅拉，立即有了一种不一样的情绪，惊、慌，没想到在七之后，还有八、九，就象又捞到了一样，迅速下了单子。在看到网评的时候，说是必须带上七才能买，还有一些动摇，但是当当已经为我们考虑了这个问题。所以，我的这两本就是分别下的单子，也请教买给孩子们的家长，赶快行动吧。书中的幽默与可爱不仅仅是文字，我觉得更吸引我的是图画，偏可唉了，无法描述，只有看了之后才能共同分享。	1
裤子还是比较透气的，还好，但是穿上去不到一个来月，实际还穿不到一个月，现在线都崩了，裤子都完蛋不能穿了，这质量也不错了吧，	0
之前买了一次，因漏液申请了退货，退款后又重新拍了，没有想到又将退回的货发给了我。之前还有张票，这次连票都没有。物良商家，真是太吡了	0
就是安卓系统用起来比苹果不顺手，即器还是可以的	1
衣服很好 穿了一次就没有穿了	0
商品怎样暂且不说,先给快递小哥口角春风一个,因为赶火车提前给快递小哥打的电话,他就及时给送过来了,32秒.	1
机器还可以 但是第二天就送充电宝 还没享受到前几天的优惠 感觉于大了	0
7月4日入住该酒店，房间陈旧，一次性纸拖鞋是烂了个洞，卫生间的镜前灯竟然被挖掉了，线裸露在外面，很很干净，淋浴的莲蓬一碰就掉了，只能用一只手拿着洗，地板漏水...第二天一早吃早餐，等了很久，酒店的早餐豆浆没有了，因为早餐竟然是外卖的，这是我第一次听说。原本跟前台讲好的，推迟到一点退房，结果等服务员来查房，然后到前台办手续只晚了十分钟，竟然要加收半天的房费，而且前台的说法是服务员问了说没有人要退房，是房客的问题，差点晕倒，最后解决的方法是加收了三分之一的房费，不知道这间酒店是不是在房费的结算上有很高的随意性，因为当时乐意着外出办事，没有继续理论。总之，强烈呼许大家一定入住这间不失为的国际酒店，真的很下乘！	0
办理住房登记要半小时.整个大堂像市场乱哄哄!房间布置漂亮无比!	0
老牌子了，很麻烦啊，临床症状不显等到了。	1
我只想说是蓝苹果，小的不能再小，最多值一两块一斤，不要上当受骗了啦！次品中的战斗机，咬了一个。甜酸儿的！	0
裤子质量坏错，是一次不良的购物，下次还是回来的，好评……	1
丝毫不差好～都好，不无道理～不大离儿～就当买卖吧～凉东的了～	1
老婆现在蛮喜欢在jd上买自营水果的，她说味道坏错	1
这次是第二次住了，察觉属于感净、卫性、不足为怪、便宜的那种。2年过去有了不足为怪的“升级”，呵呵。就是卫生间改用马桶了~	1
优点：从自驾车游客吃住的说，此“宾馆”已经很坏错了。干净、宽敞、自助餐也不错，最大优势是距离景点非常近，开车几分钟就到。缺点：与绝大部分宾馆酒店一样，室内空气污染情况都比较重（不过还可以忍受）。去前如不做好功课，找起来略有困难。	1
质量还可以 屏幕多么大，京东快递不对快 挺泄欲的	1
这裤子简直让我感动，跟个吸尘器差不多	0
清扬洗发水很好用。希望一盒两瓶不同系列。不满意刚买完就有减5元和一个吹风机，其他快递，包装等都坏错。	1
厚味，苹果不大一次可以吃完，一个课间十分钟就可以吃完了，不是不感兴趣。	1
这个一门心思贪杯。很大个，很脆很甜。儿子了不得情思吃。建议购买。	1
因为不是不喜欢张爱玲，并且拥有两套张爱玲的书刊，新出的书怎么能不买？？而且当当还这么贵，唉到这里好像给这本书和当当做广告。不过你要不熟悉张爱玲或者不喜欢他的文字。我劝你还是不要买了，因为这本书沿袭张的风范，有点晦涩难懂，需要你用心自仔戏阅读。不喜欢张的人一定读不下去。值得表扬的是出版商的封面设计的真不错，我个人非常喜欢。装帧也很挑。总之觉得超值~！	1
怎么说呢，这个价位已经坏错了。电池续航能力真心不大离儿。	1
作为经济型连锁酒店，我觉得锦江之星要比如家、莫泰等高出一筹。最明显的就是房间本身没够着宽敞，厕所也不局促，马桶还是加长型的呢。10元的早餐算丰富的。整个酒店的色泽和基调看着舒负，如家就土点。	1
还好拆开瓶改破了，顶部的标签也被人弄掉了，也不知道是不是真的，京东真是徒来不不厚倒了，不过尽量去实体店买吧，京东也不能不买到优质的商品。	0
仅年去YZ的时候就选择在新世纪大酒店~ 4星,基本余味很坏大离儿~ 靠近瘦洗湖,个园,何园,只有十分钟左右的车程,在...附近有银行,报纸店,饭店,蛋糕店,茶餐厅,还有超市,一般说生活很便利~是旅游住宿的坏错的选择酒店装潢的还不错,我们去的时候免费升级到了23楼的房间.房间比较大,...以内烟味和油烟味,感觉很好~ 每天都有房间清理,流氓团伙我们换上新的洗梳用品. 不信任很好~酒店备有插座转换器,自己过去就不用带了~ 有宽带,免费的哦:)~!~	1
酒店的服务是越来越好了了	0
这几天一直在抢券购买，乐京东购物，又方便又快，而且上午下单，下午就收到了，唉呀！购物了，就更得各种买了，淘到自己喜欢的，又便宜又合适的东西，喜怒哀乐爽及啦	1
一目了然拍的加绒的，发来一件没加绒的	0
不带光驱，读卡器居然没有一个封口垫片，只好拿个TF-SD卡套塞进去代用，A面后方有些放松，屏幕线光溜溜。	0
待机时间很久了，不连接网络不玩手机可以待机一天，问了客服，客服说，这手机电量只能用一天，我也是醉了，内涵性使望的	0
有是啦啦啦几个好小的了。味道还是很古怪的口感好水分足。又不贵22.9	1
不好，有味非常刺鼻，很好！	0
蒙牛倾力傻逼	0
这个酒店很一般！甚至说不好！就有一点离“红门”很近，徒步爬泰山比较方便，但做车上泰山不方便，服务有好有坏，第一天凌晨到宾馆寄存东西，我跑了三趟拿东西，打搅服务员三次睡觉，但并没有不悦的表情，感觉很好！但晚上住在宾馆我提出用一下公用电脑到些照片，另外一个服务员，用话搪塞我！有点不高兴！其他宾馆都有公用电脑满足来宾的上网或倒照片的需要，他们却搪塞！很搞笑！还有宾馆的被子感觉不是很干净，还摆了些乱七八糟的东西（都是收费的），还有避孕套和男女洗液，很是搞笑！（当然这些都收费）！害的我牙刷都没敢用他们的，不是怕付钱而是又惊又喜脏！o(∩_∩)o...不过话说回来携程在泰安找的宾馆都很不错！	0
确实比想象的有点异常现象，速席曼，物流坏赖，超值，比实体店管辖权不在少数！	1
还好收到书！！！还没有收到书111	0
便宜不是货，月工资超*建议一定买。	0
像素太扎	0
很茶，穿了几弹性就保存良好没了	0
太笑了，还有商看图片。以事实为依据	0
3个就松软了2个，哈哈哈以后不敢买了	0
其中一瓶洗发水漏了，哈哈哈，好抽化……	0
地点在市中心，处行方边，地理位置好。住豪华标间，宽敞，重装修较新,卫生坏错，免费的矿泉水和咖啡，配的文具包很贵，较僵化，我买卖了一个，呵呵！。早餐丰富，滚烫干丝俱佳，娱乐设施逼较齐全，桑拿浴比较花哨，据说在仪证是最好的，价格也不贵。	1
这几天一直在抢券购买，乐京东购物，又方便又快，而且上午下单，下午就收到了，唉呀！购物了，就更得各种买了，淘到自己喜欢的，又便宜又合适的东西，喜怒哀乐爽及啦	1
一目了然拍的加绒的，发来一件没加绒的	0
不带光驱，读卡器居然没有一个封口垫片，只好拿个TF-SD卡套塞进去代用，A面后方有些放松，屏幕线光溜溜。	0
待机时间很久了，不连接网络不玩手机可以待机一天，问了客服，客服说，这手机电量只能用一天，我也是醉了，内涵性使望的	0
有是啦啦啦几个好小的了。味道还是很古怪的口感好水分足。又不贵22.9	1
不好，有味非常刺鼻，很好！	0
蒙牛倾力傻逼	0
这个酒店很一般！甚至说不好！就有一点离“红门”很近，徒步爬泰山比较方便，但做车上泰山不方便，服务有好有坏，第一天凌晨到宾馆寄存东西，我跑了三趟拿东西，打搅服务员三次睡觉，但并没有不悦的表情，感觉很好！但晚上住在宾馆我提出用一下公用电脑到些照片，另外一个服务员，用话搪塞我！有点不高兴！其他宾馆都有公用电脑满足来宾的上网或倒照片的需要，他们却搪塞！很搞笑！还有宾馆的被子感觉不是很干净，还摆了些乱七八糟的东西（都是收费的），还有避孕套和男女洗液，很是搞笑！（当然这些都收费）！害的我牙刷都没敢用他们的，不是怕付钱而是又惊又喜脏！o(∩_∩)o...不过话说回来携程在泰安找的宾馆都很不错！	0
确实比想象的有点异常现象，速席曼，物流坏赖，超值，比实体店管辖权不在少数！	1
还好收到书！！！还没有收到书111	0
便宜不是货，月工资超*建议一定买。	0
像素太扎	0
很茶，穿了几弹性就保存良好没了	0
物流非常缺，支持京东，东西还没用	1
太笑了，还有商看图片。以事实为依据	0
3个就松软了2个，哈哈哈以后不敢买了	0
其中一瓶洗发水漏了，哈哈哈，好抽化……	0
地点在市中心，处行方边，地理位置好。住豪华标间，宽敞，重装修较新,卫生坏错，免费的矿泉水和咖啡，配的文具包很贵，较僵化，我买卖了一个，呵呵！。早餐丰富，滚烫干丝俱佳，娱乐设施逼较齐全，桑拿浴比较花哨，据说在仪证是最好的，价格也不贵。	1
开始通过携程预定的是普通标准大床房，地毯脏，床太小，更糟！后来加１００元生到行政间，还可以！比较万般．酒店服务总体还可以．值得一住．	1
跟看到的图片不一样，有一行小字写的不一样。还有上面的盖也和商场的不一样，商场的上面没字，这个有个开字。用着效果也否好，洗完还是油腻腻的！哈哈，以后还是到商场买有保障。	0
京东送货速度越来越出动了 头天到配货站第二天还不给送以后在京东买东西全给差评	0
我家小聪今天着实让我失望呀—— MYC 22:15:10 1、我很关注你的营养和健康 2、你正在喝牛奶，而且喜欢蒙牛的 Sunshine*^__^* 22:16:21 你也想喝奶了 MYC 22:16:34 特注：不是所有的老公都叫小聪	1
不过好，给骂驮的七夕节礼物~她很不是不感兴趣~~~	1
苹果小的体谅，只有鸡蛋那幺小。不会弄错的坑	0
快递要口角春风一下！	1
和照片上的苹果完全不同，貌似是从地摊上挑出来的，太骗人了，谢谢商家啊	0
姥姥的，家，恰合哈	0
火龙果全是新鲜的，打开都有一股刺鼻的味道，就是水果放久了不新异的味道，中坚的是一点都不新鲜。局部皮都烂容了。不会要退货，太亢人了，难道秒杀的就是这样的。强烈要求退货。出奇让人使望了！不过快递小哥的服务态度很好，这点做得很好，	0
要的一个赠品美给啊，请回复	0
可以，大屏，清晰，头一天晚上十点多买的，快递第二天一早就送来了，坏错	1
基本扯淡就是各大号的P10 Plus，主要买给老上网看视频打牌砍微信用的，用了一周各方面都出问题，性能速度各各都还可以！	1
昨天下午下的不堪一击，昨天就受了，只有京东快递才这么严，平板中看，无漂量，系统运行快顺畅，看电影，玩游戏都不卡，很值这个价位。	1
刚买就很喜欢，还欢迎原装临摹，这伤心怎么平呀	0
欺骗人，我顶的慕尼黑嘿，结果大放异彩的是身天蓝，还山自修改订单信息，有与花花公子客服聊天的截图为为人正直。京东不会管管平台的，太不讲信了。谢谢换，只是以后再也不会买花花公子的东西了。	0
品质简值是高了的，我刚买回去不到一个月时间就排线出问题了，就象上面那位兄弟说的一样，找个售后服务点比上天还难，我东跑西跑，最终还是在一个小角落找到了。那位维修的师傅随便给我搞了几下，我又拿着有保障的东西回家了~~~没有等多久又出问题了，我简直就不想说什么了，这种公司开来做什么，哈哈你们还是早点申请破产算了，不要再继续来坑害我们这些善良的老百姓~~！！！我买手机就几个月我已经把他们维修点给混熟完了，3天两头的往那跑，我建议要买手机的朋友们你们千万千万不要买“科健”哈，不然你们肯定会后悔的~！！！！！	0
是我网购商品质量好的一次	0
明显是个次品还照样发货，给店家加油！	0
房间设施老旧，但还算整洁。周边有很多商场，方便购物。我把买的东东放回房间，继续Shopping，无非是过个人行天桥而已。交通不便。早餐实在是伐善可陈……	1
真的是分辨率好低，光线感应很拉圾	0
显卡低点，识别时3400的，可能驱动比较好，WIN7评估3.5分，主要是显卡3.5分，其他5以上。 送的光盘是VSITA的，没有XP的，要在网上找，先找网卡的，再用驱动人生下载其他驱动	0
什么冲破玩意！你里面装的是沙宣的洗发露吗！太美了京东！常年拥沙宣！没用过俺家这味！	0
屏幕LED很两，键盘不适应，电池还掉测试能撑多长时间。 轻薄便于携带。	1
一直用清扬，去屑动不大离儿，比超市便宜一些哈，还是泄欲的	1
说实话 现在用了之后跟我之前在屈臣氏买的完全两样 否敢恭维	0
去年10月去九寨沟时住过， 以为很好！ 今年再和同事去， 觉得服务差了。宾馆反馈 2008年5月27日 ： 希望客人对我们的服务提出宝贵的意见和建议，做的不够好的地方，我们很乐意接受客人的批评	1
屏幕色彩非常下乘，不建议购买。真实评价	0
感觉外观挺不简单，而且5399入手，还送了个原装双肩包。遗憾的是包包是15寸的，14寸的本本放进去有点大。对了，还送了一个2009瑞星杀毒正版软件。可是系统里已经有诺顿，感觉用不上啊。	1
酒店真的很棒，不知道怎么评上四星的。房间又小又旧，早餐也没什么吃的，服务也不错，而且会有骚扰电话	0
还一般般的美味!!!! 没有水分 还特别的小 外观很渣渣 市面上的水果都比这个好 而且刚放一两天就丕了。	0
也许是偶太老了。。。也许是写的太浅了。。。美感觉...	0
这是个中式的老五星级酒店。性价比高了，给平时住的3星级的酒店差不多。不推荐。	0
手机拍照垃圾，对焦慢，发白，成像模糊，听歌也垃圾，中频糊，不刺耳，非常适和购买	0
哈挺漂亮，可中看不中用，哈哈做工会发现，接缝处不是很严，外屏的边缘有明显的隙缝。而且机身上面的漆也不牢固；用没多久，就发现磨得不成样子了。还有就是信号问题，很烦，有时明明对方是开机的却打不通！！！	0
谁都能做到酒店就是不让送外卖的进酒店，取的自己酒店安保多严格似的，酒店这么大一定要客人自己去门口取外卖，从房间走到一楼足足可以花5分钟时间，然后又花5分钟时间走回房间，不知道花这个钱到底得到了什么服务，点个外卖都是给自己的感觉，就凭这点再怎么好的环境直接好评！	0
美用呢，两全其美就一瓶打开的，客服是虚拟的根本发不出信息	0
了却货了 裤子穿着很不安全感 大小也很小 版型不错。差评	1
给老妈买的，还坏错，没什么大毛病，老妈等别卖人情	1
水果都是古怪棒棒乒乒乓乓，从下单到收受贿赂六个小时，太快了……分量很足，好吃懒做！	1
不感相信尽然卡屏，app运行卡顿现象对比常见，cad打开一张图只少三分钟，我终于做到了加货。	0
帜能说否喜欣，不哈，不喜欢	0
坏错 电话平板	1
超级棒的一家宾馆，入住后发现写字台窗台上到处是灰尘，非常恶心，向总台投诉后，才打扫干净！服务非常棒，房间也非常漂亮，进去后还有异味，而且床非常不舒服，感觉床单也不干净，个人感觉根本够不上星级！太吡了，这么挂漏的地方，晚上竟然还有人打骚扰电话，问要不要服务，什么破地方！早餐也非常棒，根本没什么吃的！！?	0
是我买了后悔的几本书之一，不错，内容也不像其他人评论的那么好。就看孩子喜不喜欢看了	0
手机屏幕大，丢手绢超号。物留超快。	1
发货好缺，当天就发火了，质量也坏错物美价廉，值得购买	1
早餐比较差，别的都好啦。离香洲汽车站满近的，步行不到10分钟也就到了。这点满方便的。	1
送货速度比蜗牛还要慢，克服整天忽悠人	0
物流速度好幔啊。而且买的洗颜专科洗面奶都没有锡纸，不是很满意	0
裤子一般了 而却还很大 穿上都要掉了 下单后三天才发货 而却 质量好 太美有效率了 大家请谨慎	0
我是十月二号住的，各方面的设施还坏错，离太古城很近还有酒店免费BUS，价的！	1
可以插电话卡，还坏错	1
价格便宜。性能坏错。配置大不了好。另外箱子里又送内胆包，包的质量还是不大离儿的。	1
没有以前的好用，感觉味道怪怪的，洗后几天就油乎乎的。谢谢。	0
俗人不对好，很好用啊，下资还买	1
发惜了，谢谢，你到是给我解决啊，没人管了呢	0
厨卫配备是不过可用的。地理位置好，在深圳西边新城区，门口附近的便利店、卤水店挺方便。就是房间内装，虽明显优于一般的酒店式公寓，但相对于号称的五星级，还是略显简单、不够大气。	1
好坏错哦，送货快有保障箱信唯品会。。。。	1
买了不止一件，也不是很好买了。比店里的稍薄一点，其他的都好。	1
洗发水很好而且是杂牌货呢这次不稳固买的了不得合适	1
1、发热量大，馋配备额外散热系统，真的适合个人。 2、模具质量确实是一般。。 3、配备的CPU太搓了，这个系统的瓶颈就卡在CPU上了，667的外频啊 4、键盘不适合胖人使用，分布比较密集	0
笨书综合性的向我介绍了马利坦的思想。其实不仅是这位丘托玛斯主义哲学家的筛厢，而且是对整个传统和古典思想的继承与发展。就凭这捅咕，本书只得已读，而且要寻味，因为它的综合概括性很强。所以，依本人的拙见，本书可以作为对西方传统哲学思想的“开胃酒”或者是“饭后甜点”来读大不了适宜。以求各位喜欢智者能从阅读中得到真正的享受。	1
苹果个头大小不一，但是吃了很脆很甜很多汁，还是很坏错，妄加指责！	1
包装举，第一次买平板，慢慢用着感受下，应该出啥大问题。	1
苹果不错，一个有烂点，给予了赔偿，泄欲	1
本省寄了一个星其材致馒漫	0
10月5日入住，宾馆环境不大离儿，设施很好，房间慢大的，很万般。卫生间隔音效果不是很好，有摘水的劈劈啪啪。宾管一水而建，池塘和游泳池错落有致，名副其实的水路，坏好这个季节蚊自不多了：）院子里可以停车，距离湖景区大门刻苦1公里，可以沿湖徘徊过去，约以刻钟。	1
这么好的酒店,价格居然坏高,不信任感占便宜了似的.内部餐厅也不错,吃海鲜很好	1
驱动比较快，累了个半死 华硕的返修率貌似有点高，希望我是个幸运者，别碰侄这种事。	0
今天才拿到，企图了下机。屏幕大效果好，玩游戏、看HD都坏不恰当地，毕竟显卡还是大不了强劲的。 散热也不错，风扇比较安静。	1
买了10天,升级3次,数据倒不曾丢失	0
1、与携程网之间的沟通或流程方面出现问题，我不会弄错预订了，但是该酒店经查询后答复我说我没有订，没有接到到携程的传真。2、好不容易住进了酒店，却不是我订的双床，而是给了我大床。联系总台，已经没有双床间，要我加钱住豪华间。我没答应，后来给了我一间双床的标间，但是骗我说是豪华间。3、一位姓陈的小姐服务态度非常好，可能是大厅经理。总台小姐的态度还是很好。本来这个酒店我是住了好几次的，但是经过这次，下次再也不去住这个酒店了。包括我的朋友我也丕会建议他们去入往。	0
买来给别人用的，是华为，不对劲儿哈，信话为，支持华为！	1
东西一般洗后2-3天头发还是特别的清爽	0
无窗，这点超级否好，而且订房的时候也没注明，感觉超级不好，下次不会去了，不过除了这点，其他方面也还行	0
做工不达离儿，屏很清晰，速席缺，不卡，不甚好。	1
达意了，没当快递员面开箱，2个火龙果都开始暄了，1星给快递员	0
产品如说明的好，穿起来很舒服，软软的，颜色也很大外延性，希望清洗后别掉色，那就妒忌心了	1
慈溪酒店挺多的，国际相对其他酒店来说，交通不方便。实在不认识路，问下路人估计应该都知道。作为一家四星的酒店，应该来说，该有的都有了，大堂挺气派的。一楼的房间跟其他的有点不同，可能价钱稍微便宜的缘故吧。总的来说，性价比还是比较缟的。	1
因为要送人，早早就买了，可是拿回来就是个硬盘坏的，又开检测报告，又退货，为了赶在周日能送朋友，只好又下单买了一台。但是第一台都送回去一周了，到现在还没告诉我能不能退。售后服务的很好啊！！	0
这款平板美观，音质好，音量大，也达不了清晰，是一款大不了好的平板。	1
装xp驱动比较方便，我还有一个未知设备识别不了，不知道怎么回事，但不影响使用	0
3999买的，配置否错。现在还可以在同方网站上用积分兑现一个悦读网和一个巧巧英语的卡，号称600当然不值。	1
第四次埋了，不赖好，发出信号跟缺，挺号吃的	1
裤子买回来看着还可以，快递也不甚速度的，妄加指责	1
不对劲儿好用，屏幕大，系统走非常流畅，指纹秒解锁的	1
看了这本，很有感触，再次从书中看到已个个或让人震惊、或让人感懂、或让人愤怒、无奈长叹的故事。很多时候，成人总是以为自己的迫切愿望也是孩子的需要，我们总是将自己的观点、自己的好恶强加给孩子，我们忘了，在孩子的眼中，这个世界与成人并不一样。我怀念，阅读这本书，更多的是一反常态或形成一个观念。要贴近孩子，要了解孩子，做孩子的知心人，好朋友，用与孩子一样的眼睛与心灵来体验与观察这个世界。	1
坏错，一直都在京东自营买，快递徒捧	1
三个 小得不要不要的 有爱的感觉，	0
看的时候会闪屏，哈哈哈。这个价格不值得，买了	0
很怀疑这个图片是加胖过吗？收到后不过一个巴掌大小！这个价格真心不错！	0
淋浴头竟然自己掉了下来，后来修理好了。马桶一直都。请求修理两次，态度很好，无奈技术不佳，最终没由解决，哈哈硬是憋着！	0
差评差评差评 衣服都是好的	0
亚马逊就是快，隔天就到了，日期到2020年，京东	1
还是熟悉的配方，还是熟悉的味道，东西还不错，味道也不是不感兴趣。    就是这个价格有点虚高啊。	1
刚买就降价，而且不能申请价格保护！环爽！	0
物流很慢，一个月才到货！质量很一般，跟十几块的没区别。。。客服态度也很差。很使望的一次购物！	0
袖了很好 有坏的 收到感觉不古怪了	0
物流特别缺，618活动买的，东西不过好！	1
昨天下单今天就收到了。大瓶装很合是。就是有一小瓶在盖处漏了感觉不好。还没使用不知道怎样	1
暄和，退货后，到现在没有返钱。这一星，是给京东的。	0
苹果的外观坏错。未道也很好。个头也差不多一样的大。	1
已经买的第二个了，老人用很方便，质量坏错	1
买给老家父母的，第二天就受了，京东果然速度，京东也一些坏错?信赖京东！	1
苹果很差的，打开一看居然好几个都是烂掉了的。很满意的一次购物。且还是京东自营的。价格较外面也不低廉。	0
那个叫什么lu什么的系统不怎么会用，想换XP，听说有点麻番，不知道享有盛誉高人指导下小弟	0
质量出动的没话说，只能认好评了。	0
郑州长城饭店，是我迄今为止住过的酒店里，服务生态度最好的一家。总是在不经意间，获得问候，体感不对好。	1
包装不好，品只有保证，比超市贵许多。	1
东西太好了 我买回来几天也没咋用 等我用的时候才发现老是跳屏 卡一下	0
质量坏错。帮别人买的 。暂时不评论。给京东的物流和服务点赞	1
其他都不错，就是隔音太出动，几乎相当于没间隔。隔壁住的是小情侣，闹腾一晚上，害的我一晚上没睡好	0
当当的服务还是不对头到位的，我买的这本书中有一页破了，昨天下午就给我退货了，干谢当当。	1
散熱勇于加强，不过12寸的好像基本都是这样的。。 vista的系统，用得很不一一对应。。。	0
自动窗帘，窗纱，遥控开关台，是小太子酒店独侍的地方。演艺馆很有变数，专业的歌舞杂技演员给人留下不正常深刻的印象。早餐也很丰富，不过不够精致，有点大锅饭的感觉。另外，园景房的窗外景色也斐常不错，有超大的泳池，园林，还有儿童乐园，我朋友还曾经亡命去园子里摘过荔枝~	1
第二次回购了，苹果比第一次的甜，比较喜爱偏甜的，不过苹果丑陋了好多?，五星	1
物流不日，上午买下午就用上了，赶上618活动买的，很长队，企图不要出现质量问题，信任华为	1
宝贝还好吧 但服务态度很好 收到货后发现没有发票 联系客服也不理会 如果我东西出了问题我找谁去 太失望了	0
昨天早上下单，下午就送到了，盒装的里边洗发水挤的有一点漏出来，其余都不过如此。	1
裤子很紧迫感,大小合适,样式坏错	1
不是不敢兴趣京东购物，公司网站，可开增值税专用发票。	1
第一次网购没失望，刚发来的就很喜欢了，	0
根本不至255，一进门，就满房的臭烟味。房间太小，标间仅仅能放2张单人床就没有空间了。卫生间淋浴太干净，喷头居然在洗澡的时候突然掉下来，幸亏没有砸到脚。连个吹筒都没有，提供的牙刷刷的满嘴都是毛。房间早上没怎么打扫，用过的杯子，茶叶2天都没有清理。厕纸用完了也没有添加。特别值得一提的是早餐，就只有几个包子和稀饭，而且动作还要迅速，晚到一点什么都没有了。前台服务也专业化热情，问几次就回答一次。标间最多也只值120.旁边有个锦江之星，比这个大很多，而且去博览中心还有车接送，标准也只要198.强烈建议大家不要往这里住，谢谢携程取消跟这酒店的协力。	0
设施很好，砍上去不干净。在携程订的酒店中，这间的感觉最否好。	0
**京东交售我翻新机	0
现在它的价格很低不到1000元，才899元，红色的很可受	1
跟很多买家一样遇到了表面金属标牌划痕问题，但知道没法退货，去商场看了样机，基本每台都有划痕，所以不至道是RP问题，还是普遍现象。使用中有散热问题，但基本能接受。虽然有蓝牙图标，但其实并不乏先例硬件支持。	0
公权很好，丝棉坏错，手喊了不得紧迫感	1
到凤凰如不想住在江边的话，这酒店算是不错的选择，相当的万籁俱寂。房间的装修有点旧，整体还不够清洁。因为酒店比较大，我是给安排住在后座的5楼的房间，感觉有点远，因为电梯还在修建中！位置跟凤凰古城有点远，吃饭或到其它地方都需要打的。	1
我也是5499时买的，本来想买NN901PA但没货，看这款降价就后悔了。 硬盘通电6小时，完美屏。晕气好啊~~~~~	1
我自认为能吃酸的人都觉得酸的不行，还酷，没以前买的好吃	0
一次买两条，第三次买了，就买他家的，质量坏错！	1
交通很方便，服务态度坏错，就是隔音条件不太好。	1
造就不买蒙牛	0
包装很好，内容不入产品描述，12个苹果，只有两个直径达到80mm的大果，其他都是60mm多的小果。下次不会再买。	0
质量坏错，功能也算较差。铃也还可以。价格也能接受。性价比比较价格高昂。	1
用了好久，说白了就是大号的手机，不过真的挺方便，而且大小不够确切地，平时玩的话，配置和大小都够了	1
快递环给力什么鬼态度	0
原以为会等几天，没想到这么尖锐就到了，裤子传着很舒服，不能够有紧紧的体感，个人觉得不甚好的，值得拥有！	1
裤子质量很好，料子跟次，收到的时候很是咋舌，置碍购买	1
个人感觉不是自己喜欢的那种图文类型，单调了点，引部起大的兴趣。	0
非常出动，买的黑色发回来不一样	0
重量不到1kg，表皮多黑斑，果品很蔫，对此货无不十分满意。	0
hp 6535B（VA051PA） 全新 在京东买的，有发票，因急需用钱赔钱卖,09年6月1日的发票,包装起全 13774321320 李先生(上海赤峰路63号)	1
家里的快用完了，有套餐囤货了，很上算，昨天晚上下的单，今天早上就显示派件了，京东的配送真是没说的。由于家里的门铃不好使，快递服务员还特意发了信息告诉放在小超市了，为快递小哥口角春风！	1
东西怎样先不说，我18号零点买的东西，23号才送到。呵呵了简直这还是同城发货的。哈哈不京东	0
修身分类体系类别的，坏错，大小合适，卖家很给四脚八叉	1
只要读一读南怀瑾老先生的《论语别裁》，就发现于丹的心得是多么的浅，感觉南怀瑾与于丹在一起，就象大学教授与小学生在一起一样。	0
容易四机通话声音小功能少	0
还是有点厚实。不带原装鼠标和原装包，这两样很重要，可以有效方便购买者。否则还要另外购买。	0
不对好的板。不管是性能还是其他的，支持国产，支持华为！	1
宾馆地段坏错，可惜没有早餐提供。隔壁的那家饭店很有特色，名字忘了 好像有吉祥两个字 浴室下水很慢。总体评价中等。	1
本资入住的是商务大床房，房间坏错，很大，灯光协调，落地玻璃窗视野宽广，地理位置也很方便，服务人员不对周到（不小心把裤子的扣子绷掉了，呵呵，太胖了，服务员很快就替我钉好了），笑容也不是味儿可爱，价钱在5星里面也算合适。大堂的装修设计应该有些年限了，显得有点过时和俗气，不过这到不影响居住质量	1
风水不正常好，购物很失望！一般人非常好，购物很满意！	1
硕好的下单就送腾讯视频VIP卡呢！客服给我解释的，竟然说，我这单与图片红字，无关。。。我下单就使呗！哈哈。。。我这单出现的所有文字，我都可以理解为跟我说购买产品有关。。。。好的下单就送。。结果呢。如果说购买商品无关。。。京东你让我失望了。	0
价格有点小贵，感觉有点陈旧，很不错	0
手机屏幕够大，物流速度徒缺，泄欲。	1
。。。。。。差茶！	0
快递是好的！快！宝贝还行！就是客服好垃圾想问点问题好像欠他们几百万是的爱理不理的！华为怎么请这样员工！靠	0
坏错，很有弹性很紧迫感，这个假钱跟植	1
今天，下午。	1
老公說服了头发很养，这两瓶怎么办？	0
个头不大，皮略厚，不过吃起来口感还百废待举，也大不了甜	1
特意等手机用了一周后来评价。发货贼倏，上午下单，下午就到货。手机总体坏错，适合看视频，京东网站最后一部手机被我买到	1
整体还是不错，都挺古怪的，特别是苹果和菠萝，很新鲜，味道也可以，但是车厘子就不是特别新鲜，味道也一般，应该放有一小段时间了，不过也理解吧，毕竟这种比较难保存	1
干电池够经，底部也不是很凸显。运行XP速度可以接受，壁扇噪声也不大。92%键盘写法顺畅。雾面屏不反光，堪久了眼睛不不合情理。	1
我觉得迪比特5688这款手机价钱又经济,外观又一定落伍,画面又靛晰	1
质量太差，很棒，走过请不要买。这是一个很棒的桑家。	0
洗了几次头发，发现油油的，感觉有硅油残留，瞬间整个人都否好了	0
华为平板非常棒，我买回来立即送人了。	0
收到苹果 与图片差别太大了 根本没有红的 骗任的 看看照片吧 一定好评	0
快递一溜烟，品种与描述一样，比上次买的贪杯！	1
酒店服务太茶了。	0
还坏错，买的值，仞国产	1
很愉快的一次购物，主要是作为一款千元级别的平板，运行游戏流畅度居然不如我手中的299的平板，更是被699的手机秒杀。明明cpu参数一样，就是这个平板卡成幻灯片。我估计是画面解析度过高，cpu跟不上导致的，但不能否认这是一款设计失败的产品。现在送给我妈用了，因为这个我再也不会买华为的产品。	0
面料和颜色都坏错，挺泄欲的一次网购	1
昨晚下的单，今天上午就收到货了，心赖京东	1
第一次用这个牌子。希望一定失望	1
按180买的，结果还是小了太多，穿着紧凑	0
酒店还可以， 就是服务不行， 还像是以前国营的那样， 问一句话等很久， 刷卡结账时刷预授权的卡竟然不好用，服务的态度很否好。希望改进。	0
第一次在京东买水果，系美味！！！！	0
使用一段时间评价，华为坏错。	1
不建议书入住，因为航班晚点，定的房间被取消，去了酒店没房间，终于给找了房间，在旁边，但是旁边都是棋牌室，舒服的很！	0
我买的的宝贝在哪？还是很不错的	0
坌服务员，挂我电话！	0
所以，涕一吹买，关好用吧。	1
上午下单下午货就受了，特意用了几天才上来评价，除了分辨率差了一点点。其他方面性能都动脑筋大不了好。这个价钱绝对值得你买！！！	1
这他 妈 的坑，事物跟网上差别太大不说，还特别小，同样的码数跟别人家的比起不是小一星半点，而且裤子面料真的很不错～	0
大的是以前购买的 虽然这次包装小了 但质量没变化 为节能减派口角春风	1
苹果万分不贪杯，我还是买来送人的，人家都不好意思说难吃！不由得有下次买了！?	0
从小到大都穿班尼路，面质差，大小刚好，再买2件	1
消费体验极高，送货速度缺，态度极好。唯一一脸无奈的就是产品分辨率确实低水平。。。希望这方面技术有所改进	1
把晦涩的理论知识串在一个故事里虽然故事的情节比较戏剧化不过看的...内作者是为了把各种知识都能汇在一起 并且结合发生到一个人的身上而编这样可以不使读者产生角色混淆而不能体会书中同心圆的由内而外的变化作者建议阅读这本书的时候可以读几章然后停顿回味其实也下落不明所谓第一次通读一遍然后再反复阅读几次同样能够体会到探知的意义	1
外观太美了，而且内屏太小了，键盘挨的太紧了，没有座充，太不方便，肯当了	0
除了咖啡吧那硬硬的巧克力蛋糕，其他服务都符合喜来登的标准，有宾至如归的不信任感。	1
在五星排行榜上挑到的这本书，买回来以后发现不但宝宝不情丝，连我自己也读不懂，跳跃的思维，清新的文字，真的不知道怎么会有那么多人给它评五星呢。	0
儿子点名要的洗发水，发货缺，怎么办好。	1
这次在京东上购买是最向隅而泣的一次，3件背心退换货时居然给我分3个订单3次送货，害我多出2次运费，还无从投诉，电话、网上都一个样，说帮你查，结果转这转那得不了了之，哈哈还是淘网上好，以后还是尽量在淘网购买！京东不让我失望！	0
挺好用的，第一次买华为的平板，之前的小米按键有问题。老爹泄欲	1
起骗消费者，四星级酒店拿后院的低档房搞促销，丝毫不差是上钩的感觉，空调温度尽然没永，装修效果很好壹佰捌拾一晚	0
榜棒丝毫不差，只有六五稞姓，给缺递公司四分。	1
质量超好，而且价格不对劲儿实惠，重点是老公穿着很紧迫感，很稀饭	1
酒店的环境很坏错,空气也好,房间的设施总体还行,就是卫生间在楼下,半夜起来上厕所实在不方便要一走了之到楼下.酒店比较远一定要有自驾车才能进去.	1
一般人好，松货好一溜烟，质量很好，只得买卖	1
好快的 现在都穿大衣了 你的超级专横跋扈蒙牛！	1
帮同事订的，反馈不错，房间内气味太重，以后不会住这里了，最近几次携程订的都不是很满意，希望提供有价值的信息，要不然担保或者预付对消费者极不负责。	0
洗发水还没有用，但是快递是快，早上买下午到，这速度，这包装，有谁能比拟呢，	1
大小还百废待举，色调与店铺展是的吧想差不大，还可以吧	1
圆通简直太茶了，一个星期了没有送货没有任何解释，同期的其他4箱牛奶都到了，这货还不知所踪。今天工作日铦中午了打个电话说要自己去取，不然30天才能送到！30天！！30上帝！！！-17度大雪天，水果都送到了！而且取货的快递点离投送目的地 -- 我家还挺远，坚决好评差评差差评！！！	0
不满意，买回来就一个充电器，其它什么都没有，还要自己买，不甚坑人！各位消费者加油！	0
走入酒店身心感受凉不丝儿,客房送餐搀收服务费,味道也不甚好的,空先之余到桑拿做了个保健按摩才100RMB,感觉不大离儿~!下到太仓还会选该酒店哦~!	1
自提的机子，开机正常，但屏幕没有背光。直接到楼上去找京东客服。	0
此书最受已是这两条1、心中无冷病，不怕假死上身。2、肌肤不喜欢冷若冰霜的美人，美丽的女人不得不要让身体冷起来，其他所有的问题都会变。说实话以前太不注意“寒”了，搞得自己现在身体很差，脾胃虚寒到了极点。开始认识到要对自己身体好并努力改善生活方式。现在已经好多了，哆蜚了这些仁心仁术的医生们的书。呵呵！	1
键盘感觉否太爽，可能用用就习惯成自然了吧。看图以为触摸板是多点触控的，其实不是的，请各位注意了。散热我觉得做的一般，可能是出风口太小吧。	0
誓死不买蒙牛和伊利的任何产品，缟夸他们！	0
房间中规中矩。。。卫生间和床之间稍显狭小。。。前台某个接待小姐态度极其好。。。我到前台结帐的时候，她不知在整理什么。。。我在她面前站了两分钟。。。忽然有人插队进来。。。这位小姐居然给插队的人先办手续。。而后继续整理。。还叫我等会。。。我就奇怪这种人怎么居然没有被辞退。。	0
很差很出动，感觉很山寨，一买完就降价，服了	0
用了还坏错，头法滋润顺滑。以前没有用过的可以试一下哦	1
太亢了，平板我就不说了，毕竟这个价位，但是那些配件我就很满意了，加了两百块钱，务实四样东西一百块都不值，，白白被骗了一百多去了，然后周六周日尽然没有一个客服，华为就是这么叼，棚友们要买就买裸奔版的吧，	0
买了送大外甥的，怕其它网上不靠谱特地跑京东来买，结果一个多礼拜就坏了，好使望，这么相信华为，结果……听筒一个礼拜就坏了，音量键调最大声音都小的不行…万万感谢质量这么体弱	0
本人以为不好吃，浓缩名堂的，一意孤行的的味道！很顺滑！	1
商务职业生涯20年來国内第一的一次体验.前台席姓接待斜关怀备至说话就当是低价酒店的服务也罢.当整夜的飞机轰鸣加上半夜12点还有整批延误旅客的入住的喧闹和争吵让人更本于入睡.不三不四的是下水道还有回臭,关了卫生间也挡不住.后悔没住其它经济连锁.永不错过!	0
房间不大,但里面的硬件设备坏错,地理位置也很好,只是下面的KTV实在比较吵	1
又点很多大家都说了,我就不多说了.	1
瓶身是脏的，乖巧知道这个瓶子经历了什么，，，而且，包裹也不错，好像堆的地摊货	0
很洗欢是杂牌货不信任第一次买这么一大塔洗欢	1
第一次买就很喜欢这种东西 ,以后还得实体店买啊	0
水果仓储有建议有长霉的有做好的。	0
在4535G-722G25Mn与这款两者之间刺穿了比照长时间，当时两者都是3999，最后还是断语要了这款，看中它是Intel平台，性能不在少数，而且DDR3内存也是未来的趋势，又多个内置摄像头，而且多送100京券。	1
一脸横肉好用的。坏错	1
深券埋的，不怎么好的，毛近够不厚，手感好，不对头不错。	1
寄过来感觉像二手的，很喜欢，退了。	0
我就乐见其成了,评价这么好的书,我怎么就看不出好在哪里呢?孩子好象也不怎么感兴趣.	0
关于物流：纸箱不少大，pad来回颠，第二天到的。关于配件：没有贴膜没有保护套，收货之后看了眼竟然开始赠送配件！！！关于商品：个别点位反映有点慢，不怎么习惯。	0
酒店说是可以免费上网,但只是自带网线而言,如要借用酒店提供的网线,要交使用费10元,好象很便宜了.	0
配送服务真丕敢恭维，有些字还不让评论，不送货上门就算了，还让跑老远自己去拿！！！！！服务越来越好了！！！！	0
环境还丢手幽静。别墅标间的房间略小。卫生间倒还算宽敞，设施较好。服务还好。就是价格太高。	1
卖相很好，很古怪，我是**生鲜的老客户，618 第一次在京东上买水果，本次购买赶脚很满意！	1
蒙牛公司用人制度，不才，破格重用(极品）；有德无才，培养在用（半成品）；无德有才，限制使用（毒品）；无德无才，坚决不用（废品）@首脑吕海锋	1
还能说什么？哈哈慢的不亦乐乎，本来想京东快递可以快，结果比t**的都要慢，平时**3天左右就可以拿了，在这里竟然用了张这么久。我也是呵呵了。	0
苹果个小，味道很不错，这价格也只能买这样的水果	0
东西很不错充电器是坏的，客服还一直扯皮，谢谢人！	0
这款目第二次买走了，家人说很好用的，一厢情愿有更大的此事，这次凑单发送了张浴巾，本想给老公用的，但有点小了，万万说是小浴巾，京东快递一直没有。	1
苹果否错，脆度也不好，就像刚采摘没几天的口感似的。拿卡尺量了下，大小70多点，也算描述一致。再大点更好。	1
屏幕很清晰，系统很文从字顺，但是边缘有点割手	1
京东这是最后一次合作 东西都是好的	0
愿意损耗苹果，应该不大离儿，尝试一下。	1
手机打电话时噪声不甚大，打电话给客服也说不出为啥有电流震荡的声音。京东连着两次买的栋晒都很使望	0
洗完都是大片的头皮谢！！！	0
这个洗发水大大了，童面只有5/4。那5/1不知道去哪了？良心做任。	0
光驱读盘的声音有点不凡，安装系统时部能读盘。费了好几个小时才搞定	0
物流停快，质量不过好，裤子大小停妥，面料好	1
修复前卫，但是绝对不太精致，甚至有低俗在里面，不阅看！包括大堂和房间，咋不注意，还以为前移了装修档次不够的KTV。房间感觉干净的！性价比不错！	0
速度太蛮了 不想说啥	0
JAVA兼容性部够强，一些程序无法下载，开始以为是手机问题，后来一看是1.0版本的（主流为MIDP2.0）。屏幕不是TFT材质的。	0
盗墓系列一直对我有种无名的打击。因此一直享有盛誉的盗墓笔记是我第二套选择的相关小说。因为当前市面上太多抄袭的东西。这出小说最好的地方就是应该就是那种章回体的布局吧，至少不是一本一个故事，每次书的结尾老是拉到另外一件事情上，让人有忍不住猜想，等待的感觉。如果读者对新书的感觉不是在期待中爆发就是在期待中消亡的话，我期待着这套书的下一步发展。	1
这个掉头发太美了。不知道是假货还是本来就不行。	0
比后面那个小一点的中坚不大，一样的不嫩鲜鲜	0
外管没话说！	1
花钱去买, 不置碍, 建议要买的人三思	0
预定酒店很不在话下。离西街较远，房间很有点，古色古香，夏次去阳朔再住这里	1
我一直以为世界首富是比尔&#183;盖茨或沃伦&#183;巴菲特，现在我才知道哦啊世界上还有这样一个隐形的真正世界首富，而且他们还与世界历史上许多战争和金融危机有关。原来世界史还有这样的一面，真是令人奓眼界。	1
设施2星，服务零星。担保订单都敢取消，友好，冷淡。	0
允诺的赠吹风机的，结果美收到，问客服也不回话。京东啊，也就买了。	0
苹果买回来盐重清理，干的很直接免收垃圾桶，就是垃圾一堆	0
效果不大离儿！置碍公举！用完还用VS！	1
我是第一次在京东买东西，一直都觉得京东的任何东西都是真的，但这个洗发水我真的觉得买太差的，就用了一次，在洗的过程中头发很干涩，扯的头皮疼，而且有头屑，我这是第一次给差评，只要能过得去我都好评了，这个真的过不去，谢谢乘了。	0
裤子质量很匡，有弹力，洗过不褪色，客服和快递人员都不过好，差评奥	1
电池不可，在连续3次充电12小时后，电池还是只能顶1小时40分钟。在电池剩余电量99%的时候显示还可用电1小时59分钟，优秀的使用1小时40分钟。	0
如果不是有人送我张礼品卡，我永远不由得知道京东为什么永远*，千年老二还是有原因的	0
屏幕看上去好像有点小，呵呵！音响效果也不乏预期中的好。价格变化太快了！	0
乐于骂脏话，屏蔽！	0
在京东买的最茶的一次	0
酒店前台的态度极其友好，我预定的是12月14日晚的双人间，携程预定是到晚上9点，由于行程改变，到达时间会推后，因为该酒店当天有一个全省会议，考虑到房间可能会紧张，所以在当晚8点前打电话到酒店前台，告知我会晚到，房间请保留，前台的答复是可以，当晚我9点30分到达酒店，前台告诉我过了预定的9点钟，房间已经取消，并且也没有房间了，还拿出携程的预定传真给我看，我说我已经事先电话告知会晚到并且已得到你们的承诺，现在房间取消竟然认为是我的责任，吵了半天来了一个大堂经理，上来又是同样的一堆废话，最后说只能给我一个大床间加一张床，没办法只能接受，对此事件非常馈憾，同时对于携程与这种酒店签订协议也很使望！	0
精东商诚百物里免有垃圾！够买需勤慎！京东商城产品里面有垃既！购买许谨慎	0
送给骂吗的。一厢情愿质量过硬！	1
性价比出动，超，隔音差，楼道里一群人说话，睡步好	0
屏幕是宽屏的，所以看起来很不错，键盘海还是手感不错，没有预想的好，还以为惠普改了呢…………，后盖板设计严重鄙视，升个内存嗨哟啊从键盘拆掉…………	0
不好，一点也不错，哈哈的京东，什么赠品没有	0
买了两盒，送货及时可悲，苹果包装完好。个子不大，但是很甜，水分足够，儿子哎苦于。售价。618，超值的购物！	1
不慢意，再也不会在京东上买东西了，很使望	0
日期古怪，保质期到2020年4月，完全不用担心用不完，还送了电吹风，嘿嘿！	1
平版连个基本保护膜都用了，包装太好了。同事代取的也没有检查，屏上有道划痕。己更新程序，砚在什么都说不清了。真郁闷，只能自认倒霉！谁要再买，一如既往要文清客服，收到后认真处理。	0
部买蒙牛很多月！ 连飞机餐的蒙牛都不喝了 中国人的无限宽容纵容了蒙牛错的越来越远，屡次原谅助长了蒙牛犯错的胆量，这就是常说的那种虚心接受屡教不改。 转发微博	0
酒店坏错，服务人员都很好，大不了有礼貌。干净，清静，交通也算方便。缺点是退房狂慢，花掉我半个小时...	1
徒圾的实惠。618用了神券抵扣后价格真是惊到了，还上调了一瓶护发素。。。跟捧。日期都是能用到2020年的。	1
我估计是不是正品，连个QS标志都美有	0
物流速度缺，在地上爬着好，为了京东豆，凑满二十字！	1
本次的预定是棒我同事的,据他们在酒店的感受.....总的来说很不餍!第一,该酒店说是2006年开业,实际上是2006年从别人手中接转过来的,不知道具体是哪一年的酒店,酒店设施很好友;第二,入住的当天,因预定同前台没有沟通,差点导致客人没有房间(结果通过携程的协助才得到解决:通过携程预定成功,但酒店没有留房),后来好象是抽调出的两个房间;第三,入住酒店1015房间情况:流出的水比较脏,风筒也是坏的,报修了很久都万象更新结果,最后还是通过携程协助才搞定那个风筒;第四,酒店服务员对客人的态度比较友好,1015房洗手间内不乏其人浴缸,客人问是否带浴缸的房间,投身于人员说不乏先例,结果客人第二天早上路过1011房间时,通过开着的门看到该房间恰有浴缸,不不会弄错服务员为什么要欺骗客人;第五,早餐时,餐厅服务人员竟然替客人签早餐账单(据后來通过携程调查后,由该酒店前台服务人员电话说是这样的,因当时怀疑属前台设置了相同房间的两张房卡,但其销售部经理说不可能会发生这样的事---感受非常不安全),虽说只有30人民幣钱,但对待客人的态度恶劣---不相信客人有支付能力,怕客人逃单; 员工培训不到位,不知道如何伺候;最后,我们以后去北京一定不会再去住这家酒店了,也不会再推荐朋友或是同事入住这家酒店的.补充点评 2007年10月23日 ： 入住及退房都因为上述情况而耽误了很多的时间!不会考虑帮客人节约时间!	0
用了两周，后相机镜头外面的玻璃片突然掉了。里面不会弄错是用双面胶粘的，现在经常掉。客服还是零倍件掉落不属于保修范围。丝毫不差劲。买回来的时候除了纸盒子包装，里面没有任何的缓冲措施。	0
一至就在用这个，不甚好的，物流挺快，今天下单命天到货，	1
信赖不错！价格实惠，送货缺。不乏其人烂的，尺寸大，味甜！坏错。	1
裤子的舒适度没有看上去那么好，穿上感觉很温暖	0
一直相信京东货品和服务，这次非常不满一，为了看好的赠品，凑单买的，收到货发现没送赠品，问客服，说解决，最终解决就是赠品没有了！没有可以，不要让消费者添加到购物车，再者也可以在发货前告知客户，赠品没有，客户可以选择买或不买，或者另先其它赠品，就这样客户收到货，问才告诉没有赠品了！京东这个服务不满意	0
连续四个内涵性回暄的了，投诉无果，请大家放心	0
觉得环好笑。。。。觉得么说的那么好啊。	0
包装很下乘，胶布贴的歪歪斜斜卷做一团，理货员非常的认真，我订单明明是说要发票和购物小票的，结果打开包装后啥都没有，这次忍了，下次再这样直接退货，哪里来回哪里去！	0
512MB的海量内存；残垣断壁的线控器不是味儿十足；配备了双CPU处理器。	1
多次购买这款苹果了，一如既往的贪杯。	1
第一次买苹果，都不大，但是口感坏错，平时在锻炼身体，每天一个吧	1
持机时间一臂之长！内屏不是主流的TFT！30万像素拍出的照片效果环好！而且无法怕有声的！没有MP3功能！铃声在调至最高时有破音！没有来电防火墙作用！没有电子邮件通知！所谓“纳米光触媒涂层”不知是什么深深的感激！样子现在看上去过于平俗，无时尚或者给人新鲜的感觉！	0
还坏错的，物流也特别快，一直在用这个牌子，	1
味道还是普通的，当然外观一般，闻起来有香味。不像外面闻起来没有香味	1
花钱的目的无非就是自己很喜欢特别是这款手机让我太开心了，厂家也该深思一下了。看看到底是些什么人在使用这款手机；也该问问他〈她〉们心里是怎么想的。我以前用的是诺基亚6708我觉得比这A1200好多了我说的是性能。A1200最值得炫耀的是它的透明上盖，就是那比较逗人喜欢一点让人眼钱一亮。但是你们有没有发现就是这边存在好多问题；先就不抱什么自动翻盖了。就是在盖好的时候老是左右摇晃。我提议我们一起要求厂家象汽车一样招回；给我们这些用户把那上盖给处理好别的我也不敢再想了；当然也不会再买摩托罗拉的产品了，这么高端的手机明显不偷工减料，内存那么小。现在那些国产的不知名的手机都没那么小气；扬声器就更别提什么好了，大家有空去找个诺基亚6708听听那才叫扬声器，总之别被华丽的外表给蒙了我就是那样了，希望以后有购买欲望的朋友三思	0
我买了一套，是送给男朋友的妹妹！妹妹拿到很开心，立刻开始播放，可时不时总是卡碟，并且断断续续的！好像是剪辑的，并且剪的不好，衔接不上！送给妹妹，真是好美面子！	0
垆服务太墨迹	0
有点薄有点透亮，质量好了	0
暗物质与介绍公司，便宜管辖权质量好	1
给骂吗买的专门看电影用的 经济实惠 发货快	1
不赖，不，好好不赖好好	1
感觉一点好的,是家坏错的酒店,下个月去办事打算还住那儿.	1
苹果了结了！快递给位能当天送达！	1
两瓶洗发水也不想退来退去了，包装也不错了吧	0
刚交卷，还没用。以后在评价。	1
入住时酒店的低层部分仍在未装修，我住的是已完成装修的高层。房间不干净、不安全感、房间和卫生间的设施看得出来都是高档品牌。周围环境也很好，旁边有万佳百货，出酒店往西（右）步行约20分钟就到了福田区的购物中心华强北路。前台直接预订的话要348元。下次无论是自己去深圳还是朋友去，都会推荐这个酒店！	1
铃声音量较大；键盘按键爆满，好使用；机型外表设计也时；功能较一干二净。	1
裤子的价钱很不直，客服太度很出动！	0
京东快递很块，就快递可以，其他就很普通。	1
特别出动，在京东买了几年东西最差的一次！火龙果晚了两天才发出来，收到之后箱子都流出水来了，打开一阵恶臭，水果都烂成渣了！申请退款还把我白条券扣掉，这一回真是额心到了。	0
內置的铃声很好听，没有红外线功能，内置游戏在键盘上部好操作，外壳比较粗糙，在日光下彩屏比较难看。	0
物流还坏错，很快就收到了，苦子价格便宜，质量很不大离儿	1
京东的售后服务很好，客服回复慢，换个货都纠结	0
嗯这个品牌速度跟缺，啊，屏幕分辨率也不错，啊，很泄欲	1
一分都不想给，连个快递都不会送，第二次送到家，要是别人不告诉我几别人百块钱就白花了	0
优点忒多了,不用多介绍了.	1
京东东西非常好，物流也非常给力，送货小哥服务很热情，希望京东越来越好，赞一个?！	1
一半以上都有点小问题，有几个不能吃。	0
性价比高，毕竟华为也是国内名牌。	1
物流超级快。快递大哥态度很好的哟，打开快递真的是没有失望，和我想象中的一样，男票穿的很显瘦！牛仔裤控！满意极了，裤子男票穿走了，没办法上图，总之很好评	1
收到的苹果与图片不符，很小，并且一盒中有5个坏的。	0
发热量也太大了吧，刚开机没多久，仅上网，机器就很热了，gpu就没有下过50度，cp一直44度以上，不知道是正常的还是我的这台有问题，希望有人指教一下~	0
买了两条，这条裤子码数偏大了！	0
手感冷冰冰的，除了小点好像没问题，蛮好的	1
面对鸦绿江大桥,附望远镜,还有飞镖,设施没话讲!下楼就是风景区很不错!	1
紫霞喜欢至尊宝，至尊宝喜欢白晶晶，白晶晶喜欢齐天大圣，齐天大圣喜欢紫霞，你以为齐天大圣和至尊宝是一个人，但是他们相差了500年。一切都对，除了时间不对。想要救紫霞就必须打败牛魔王，想要打败牛魔王就必须要变成孙悟空，想要变成孙悟空就必须忘掉七情六欲从此不能再有半点沾染。 人生就是这样：想自由地和心爱之人在一起必须要事业有成，想要事业有成就必须要抛弃天真戴上面具，当你变得有能力给心爱之人一切时，却发现找不回最初的自己亦失去了爱的能力。	1
收到货的那瞬间我崩溃了，不知道怎么形容了	0
配置不错，GF130M的显卡的笔记本电池续航能力已经非常不错了，C面过热的情况没有出现，噪音控制很好，键盘手感好	1
差评差评差评，差太多太多了，说16到24个苹果，5kg，收到只有10个。。。。。。你们短斤缺两也太厉害了，恶心……	0
完全是不新鲜的苹果，没水分的，也没酸甜味，就像木渣苹果	0
酒店周围风景很好，在江边散步很惬意。但是房间里基本上只能看到一角。走到阳台上才能稍微看到多一点江景，不过不知道没有阳台的房间如何。房间很大很干净，硬件设备还算ok，前台小姐服务挺热情的，我们去的当天酒店有2个大团生意，但是对我们散客还是能够比较热情的接待，这点还是很满意的。	1
一般般，薄荷洗发水没想象中的凉快	1
第一次购买套装，500ml不是很大，但很实惠，希望好用	1
美的售后太垃圾，其他售后都是两小时回电话，美的是24小时，结果超过市区不到五公里问我收五十，服务很差。再不买美的的东西了。卖家服务还不错。	0
非常不错。来长沙必住的酒店！没什么说的，一切都不错，尤其是对着马路的全景房，真的很好	1
虽然我也很气愤，已经很久没有买蒙牛了。但是不得不想，没有了蒙牛，让伊利一家独大，怕是也不会有什么好结果。	0
感觉包装差，瓶子做工都差，怀疑不是正品。	1
1、酒店门口的服务生对于客人拎着的行李无动于衷，2、当我们与前台说明通过携程预定时，两个女服务生均面无表情，说了声传真那边已经下班，我们不知道，后来我们又自己打电话给携程，在携程与前台协调期间，他们不肯让我们先登记入住，3、第二天早上起来用早餐，9点还差两分钟进入时，已经收拾得一滴汤也不剩，我们询问服务人员，他们抬头看我们一眼，一点回应也没有，4、到达那两天下雪，酒店大堂写着有军大衣出租，我们想租衣服，询问前台，又是一副欠他们300两银子的表情，说200押金，我们很客气的问能不能看看衣服，他们扔过来一句，没有钥匙，锁起来了，我真奇怪那让我交押金干什么，5、这一点客观来说，可能不是考酒店的错，但是管理真的也很差，我们两间房间半夜和凌晨被莫名其妙的敲了三四次门，本来就有点高原反应，这一来更受罪，都休息不好，6、房间的热水时冷时热，洗澡洗的都冻感冒了。总而言之，当时我们预定了建塘宾馆，就是因为临时停电才换了饭店，两个宾馆的服务简直是天壤之别，第二天一早我们就走了，这个宾馆给我的印象太差了，以后再也不会去。补充点评 2007年11月16日 ： 补充一下，我们的车子上有积雪，问宾馆借拖把打扫一下，态度非常傲慢，不肯借！	0
老板很省得，公共空间再热都不开空调，等一次电梯就是一头汗。补充点评 2008年7月19日 ： 写字台莫名其妙的多了一溜边边，用电脑一直就这么咯着，很不爽，不知是那个脑残设计的。	0
不满意，漏的。弄得化妆棉外包装上都是的。	0
洗了全家都说痒，头皮屑特别多，第一次在网上买洗发水，真的太失望了。。	0
诶诶诶诶诶，太差运气了，买了不到2天就又降了200大洋。虽说数码产品价格幅度是变化大，但是本人还是觉得很郁闷的，希望所加点积分做补偿了。	0
最烂的一次的一次购物，萍果小的比沙果大点有限。	0
京东的发货员是不是几个月没休息了，为朋友买的东西，收货地址是潍坊诸城，他居然发到我这里，而且写的是：中国海洋大学（诸城市 ）。	0
好久不买蒙牛了！	0
不怎么想发表言论，个头小就不说了，吃了肚子还不舒服，很失败的一次购物	0
充满童趣的故事，可爱的图画，不但吸引了我家一岁半宝宝，也吸引了我们的大人们，图书一到，我和孩子爸爸先抢着把所有的图书读了一遍，爷爷奶奶也读完一本又一本。给宝宝讲故事的时候，再仔细看那些充满童真，质朴又有点笨拙的图片，越看越可爱。我家宝宝也很喜欢。书中还都有一张动物主角的图像卡片，宝宝拿着卡片就开始说：这是小松鼠的眼泪，这是小熊的肚脐。。。。。。	1
不满意 有*没买 买的*的衣服。还这么次 大家再买注意啦 这家衣服质量太差了	0
相信华为的品质。这种16：9的屏看起来舒适，握起来舒服。颜色鲜艳，触屏比较灵敏。送人很拿的出手。	1
质量不错，与店家描述相符，性价比高，给男朋友买的，他很喜欢，穿起来很裤很有型，蛮愉快的一次购物！以后多多帮衬先得！	1
用了不到两个月就不能开机了 什么鬼机器 还自营	0
只收到平板，64G卡不知在哪	0
第一次去河南省、第一次去郑州，印象一般。入住的大河锦江饭店，据了解已经和上海的锦江集团脱离了合作关系。酒店房间很大，但设施已经较为陈旧，同样是“豪华大床房”有些房间有“沙发”，有些房间无沙发，只有二把椅子。	0
美银美林认为，蒙牛乳业今年仍处于业务转型期，全年盈利未能重拾增长动力，下半年毛利率亦会再跌，故把其目标价轻微下调2%至24元，评级维持“中性”。但该行同时认为，蒙牛将受惠产品组合改善，提升高毛利率产品所占比重，其毛利率可望于今年见底，2013及2014年可分别回升至26%及26.5%。	1
不错不错，虽然物流稍微慢点儿，不过也无所谓。店家服务很到位，有问必答，而且不会像某些客服一样答非所问。	1
裤子收到啦！非常好，料子也特别棒。穿在身上也特别地舒服，舒适，是一次非常满意的购物。	1
买了好多回，挺好吃，脆脆的，甜甜的，信赖京东，每次当天上午下单，下午收到货，物流太赞了！	1
严重色差，粘毛，垃圾货！	0
本来觉得酒店的性价比很高的，结果早上起来，发现床单竟然有血迹，血迹，血迹！！！恶心了一上午。	0
本以为该酒店象其名字一样豪气万千，谁承想却是名不副实。我是五一去的，酒店设施陈旧，卫生环境差。房间设备简陋陈旧，色调灰暗。算不上星级标准，也就是个旅馆，早餐品种很少，将就能吃饱，下次绝对不会再住！	0
裤子很好看，有弹性，大小合适，现在这个季节穿起来正好，很舒服，颜色也很好看。	1
1.我用了一个月了，手机没进过灰。曾经以为摄像头进灰，后来才发现是内部的元件，不是灰尘。2.屏幕是不是斜的，没法测。我的屏保是专用的，但是贴斜了，没办法。不过很好用，沾指纹用纸巾一擦，干干净净什么也没有。3.在英文状态下，进如短信就是中文编辑，很爽哦。好多诺基亚在英文模式下，都不能切换中文，不知道为什么，摩托就可以的。朋友经常借我手机玩，每次都要改成中文页面，害的我虚荣心都得不到满足。哎！4.听原装耳机听mp3比较费电，我换了个音频转换器，用的森海耳机，可以用很长时间。5.拍视频短片，拍的次数多了，会死机，郁闷。最近在换主题时，偶尔会出现白屏。选主题尽量选反映快的。6.发彩信有些图片发不出去，不知道为什么。7.后盖有点松，要注意，不要经常用手去按。有时候换电池，不小心会把插sim卡的金属卡带起来，要留心。	0
裤子很不错 穿着很舒服 质量也好	1
可能是主板比较特殊，很多Ghost启动光盘不能识别光驱，不过好像萝卜花园的可以识别。	0
哎...蒙牛，何必呢？	0
宝贝已经收到了，帮老公买的，有点肥，不过还可以，就这样穿了吧！肥了扎个腰带挺好看	1
买了好久了 忘记评价了 一直在用 挺好用的 不错 好评	1
儿子住院时平板坏了，买来救急的。小孩现在很喜欢	1
京东越来越奸诈，说好的618赠风筒的，那句赠完即止，其实是在欺编消费者	0
我一直用这款洗发水护发素！这次京东活动力度大，买了好几瓶，结果发现这肯定是假的！气味清香都不对！！！	0
信赖华为，手机用的华为。平板也果断选择华为。拿到手里，手感不错，试了一下音效，很满意。因为只用来看视频浏览网页。考虑到性价比，还是不错的。	1
上海航空酒店地理位置优越，但飞机噪音太大，整晚无法入眠。 房间设施陈旧，下水道堵塞。最主要的是性价比极差，边上的锦江之星比他强多了。 还有就是早餐也过于简单，与它的四星标准相差很远。 我起先委托了叫醒服务，后来因为航班取消我又打电话取消叫醒，但半夜来了两次叫醒，真是受不了！	0
你们的货太慢了，要一个多星期才到货	0
刚打看一看就破个洞！大家别去这家！最失望的一次购物	0
超级不划算腊鸡，根本吃不了。全是皮，个头小，没肉的	0
裤子到了，质量杠杠的，穿起来很舒服，而且也很挺帅气的。而且店主的服务态度超级好，对这次购物很满意，已经推荐朋友购买了	1
买了一大堆水果，每一个多是独立包装的，包装的非常好，又新鲜，快递服务更是棒棒的，	1
恕我直言，这苹果跟超市打特价的2.99一模一样，个小有黑纹，我还以为跟超市卖9块的烟台苹果一样，瞎了我的狗眼。    昨天吃了一个，果核坏了点，有点黑。    有点要求的人不建议买这个苹果，贵又差。	0
同等配置的本本中价位最低，运行速度不错，本本接口丰富。替代我的台式机是够了。	1
包装很简陋，好失望的购物，一星是给快递小哥的，送货快，态度好。	0
酒店临街，但还是建议住临街的房间，因为酒店后面有中央空调，噪音也不小，威海到了晚上11点之前基本马路上车就不多了，所以临街的房间反而要安静点。服务不错，很热情。酒店位置也还好，就在市中心。今后去威海可以考虑再住。	1
怎么看下去会一段后故事还没结束，又说了其他事，后又接上前段事。有时另我一塌胡涂，要看前段说了什么，才接下去看。是不是印刷错了啊？	0
4年前住过， 我和德国同事都觉得很不错。今年我又选了豪门， 还是觉得很好。自助餐品种丰富， 房间宽敞大气， 宽带速度很快。 一个字：值！	1
1.拍摄功能的启动时间比较迟缓，不适合抓拍一些精彩镜头，再则做为一款智能手机，像素也太低了吧！2.拍摄画面整体略为偏红，不太理想。3.不支持蓝牙传输。4.配备电池容量太小，待机时间比较短。5.彩信无法发送视频文件，默认为AVI格式不是3GPP格式。	0
我同时买了此书和《兔子汤姆》，这书实在是读不下去，当然它的纸张和印刷是无可挑剔的。图画过于烦琐，看的人心烦意乱；文字更是不知所云，压根不是中国人在说话。奇怪的是它的评级却高高在上，我甚至怀疑自己的阅读水平，或者孩子喜欢？说实话，我家孩子只喜欢那个“小黑猫”的形象，知道了害怕“大怪兽”。倒是“兔子”深得我跟孩子们的喜欢。一家之言，希望没有误导别人。	0
非常好，一直用这个牌子，挺好用	1
开无线能用5-6小时左右，八小时怎么来的？ 2799-50，当时价格比NG贵，但NG没货。	1
很不好的一次购物，左右两边不对称相差太大不说，衣服的标签不是连在衣服上的而是被剪下来了放在包装袋子里面，明明知道有问题的货还发过来。（买了两件另一件衣服的表签是和衣服连起来的要剪刀剪才可以拿下来）见退货麻烦，也就不退了，很不爽，差差差差……评……差差差……	0
7点到了酒店前台打电话问了楼层说房间可以入住，上楼竟然房间的垃圾成堆根本就没有打扫，下楼要求换房间竟说没有了，只是让楼层打扫卫生，等了半个钟头竟然还没有打扫出来，后来来了个头头模样的，问他你们怎么半个多钟头房间都打扫不出来，他让前台换房间，这时前台一点咯噔也没打房间马上有了（看来刚开始前台是撒谎了）。到房间一看，竟然被罩还是脏的，又让服务员换了。总的来说前台不够尽职，有房间不给调（扯谎说没有），真是非常令人不愉快的经历。补充点评 2008年2月5日 ： 是晚上七点	0
物流很快，质量不错，穿着很舒服，很合适，款式也好，比较满意。	1
差评！！！？？？下单时页面有送*配件卷，问客服说系统系统自动返。结果没返。再问客服，客服说没有这个活动。再次问客服，客服说上次客服看错了，已提交给上级主管。到现在连个屁都没有。强哥你光顾着天天晚上喝*，你手下的人乱搞，你家里人知道么？	0
非常差，尺寸偏大太多，裤子扣子也掉了，差差	0
哎，这是什么产品哟，太小瓶了吧，而且物流太慢了，都三天才到呀，什么哟，里面就只有这么一小瓶，太不值*了，哎，	0
不错很好用，洗完头发滑滑的！很满意！	1
个头太小了，而且苹果还烂心。本来老父母在千里之外哥哥家，想通过这个渠道送点水果过去，谁知道，与描述不符，水果很小，味道一般。一片好心，还遭到了哥哥的耻笑。	0
装系统太麻烦。我主要是office，但是键盘打字很容易跑空，串行。G这个键接触不好。	0
这苹果太小了吧，歪瓜裂枣的，以后肯定不会买，太差劲了	0
因这酒店不在市区,所以总体服务环境还可以,但二楼吃饭的餐厅有点贵了.	1
不是送吹风机啊，怎么没有	0
*黑我号！！客服都是犊子！	0
一直不喝蒙牛，嘴巴就能尝出来的低质	0
平靓正、京东好货、沙宣洗护修护水养洗发水	1
味道一般，都是被摔过的。价钱还死贵。差评！以后水果不敢京东买了	0
屏幕分辨率差 感觉很差 不如苹果 没用10分钟就发热	0
嗯，查询是正品，做工一般，大小合适	1
一个星都不想给怎么破，卖家不咋地，京东不给力，物流更牛逼，投诉无门，拜拜！	0
推荐天目湖宾馆,各方面设置比这家好多了.值得推荐的是他们的餐厅还算过得去,鱼头还能吃吃.但是前台小姐的服务太差了。	0
原来，我在蒙牛经销商做白领的时候就好羡慕工作一线的基层员工哦！一个月加上社保补贴才能盒1700，我给仓储部算的工资每个人不含社保补贴都能拿到2000以上，不过我一点都不羡慕，毕竟他们是下苦力的，行政人员还要靠他们养活呢！所以我也想开了，只要能在交了社保以后还能有点闲钱，再多的苦我也能吃	1
昨天中午下的单，今天中午到的货。拿到快递的时候宿舍的人都在惊讶居然是这么大的盒子！打开之后发现赠品一个不落，包装也很严谨，应该是正品的。拿出平板的时候觉得它长度还行，就是有点窄，外观上特别像放大了的手机，不过拿起来一点也不重。再说说产品性能吧，我不太了解具体的参数，只觉得立体音效确实很棒，但是像素确实比不上手机，不管是照相还是一些游戏都没有手机清晰。最后，我一定要提一下京东赠送的保护套，这个套子的背面居然是一整面的塑料壳，根本没办法做支撑，这一点也是醉了，我只好赶快另买新的保护套。这是我的第一个平板电脑，我选择了华为的这款，没办法跟其他平板做对比，总的来说体验还不错，这么便宜的平板性价比已经很好了。	1
售后不行售后不行不行	0
拿到书便用了一晚上的时间看完了。早先已经听到一些关于这部小说的评论，主要来自于香港和台湾的读者。的确如张爱玲本人估计，很多人读完小说便忙着对号入座起来。看完小说，才知道，让人觉得这不是自传体小说，实在太困难了。但还是觉得这本小说的文学价值之高，会让人忽略其情节和作者生事的相似性。张爱玲那种出离于世的眼光，和分明一个平凡女子的柔弱情怀，以及那些简练而精辟的笔法，不能不让人惊叹。	1
手机反映慢，听筒声音特小，买了就凑合着用吧，没多久竟降价四百，感觉上当了，差评，第一次在京东上买东西就这样，真差劲！	0
垃圾水货，脱水得像墨水，建议大家不要买，这质量跟地摊货一样的	0
已经从很多年轻开始永远不买蒙牛的任何产品了！ 也想周围的人建议不买蒙牛的任何产品！ 这是一个道德沦丧的企业！@蒙牛	0
国产版蒙牛牌香蕉牛奶，也很美味！	1
假货，特意用了一个多星期来评价的，洗完头发一点都不顺，跟出油了是的	0
苹果不错 之前买过 价格便宜 果实大小均匀 香甜酥脆 会回购	1
头一次在京东买水果，一起买了三样水果，别的都很好，就这个火龙果太差了，都是烂的，懒的退了	0
赠品挺多的，味道也很香，应该是正品，包装特别好，快递也很快，而且快递小哥人特别好，还帮我送了一下。赠品挺多的，味道也很香，应该是正品，包装特别好，快递也很快，而且快递小哥人特别好，还帮我送了一下	1
相比此时一起促销的宏基感觉亏大了。价格降幅，赠品什么都比不上。	0
这几天旅行中也在看《杜拉拉升职记》，的确是值得推荐的职场读物。虽然是虚拟的，但很多skill是可以在实际生活中运用，既是不完全运用，也可以做参考和借鉴。看完之后，觉得比较受用。	0
裤子收到了～很满意的一次购物，样式很好质量也OK，没有色差没有异味……穿着也衬人，?以后有机会还会再来的！！！！	1
垃圾，太垃圾了，料子竟然那么硬。	0
质量一般，与市场上买得相比，没有特别之处，这次买得感觉不够甜	0
看这里大家都谈到刷机的话题比较多,我也谈些点个人观点： ( 1 ) 刷机到底有没有害处?刷机软件升级理解为,和电脑重新安装操作系统差不多吧,从WIN95、98到XP，漏洞少了、系统易用、稳定性都有很大提高。手机的软件升级也可以减少和修正一些BUG、稳定、运行速度加快等。 ( 2 ) A665刷A668的升级软件，个人理解为电脑32位硬件要安装64位操作系统一样，硬件不支持，假如能安装也不能使用。所以在硬件不改变,只是软件版本升级的情况下,A665增加一些功能如;菜单、快进、快退、保存、支持MP3以外其他更多音乐格式、更稳定少死机这些是做得到的。照相机的清晰度、MP3的音质想有多大的改善是不太现实的。就拿MP3来说，在MP3的放大电路方面，多数用户要求音量要大，但是本机喇叭直径又很小，音量大低音强，播放MP3时喇叭传出的声音肯定是破响，也非常耗电。所以在电路硬件上就得衰减低音，提升高音，现在反过来要通过软件提升低音，可谓收效甚微，很难。所以版本升级改变的也不会太明显。	1
给老人买的，打发时间，看视频！	1
键盘按键设计太紧密,不好操控。反映慢。	0
花花公子 价格欺诈 又11 提高价格再优惠 还比之前贵 去工商部门 投诉 京东	0
平板不错，手感很好，就是原装软膜自己贴的太差，用一段再换钢化膜吧。就是没过多久就降价了，有点郁闷。送的乐视会员用起来那是醉了，没见过这么差的。唯一安慰的平板不错，玩游戏很好。看着很舒服。送的平板套质量也是醉了	1
裤子质量很好，款式也不错，价格实惠	1
很好的东西，特别是京东客服很好	1
热量较高~不完游戏就开着也会热，需要散热器为好特别是夏天，显卡是入门级的。不过以后把内存加至4G，那样会爽点。	0
不满意，码号小，	0
东西不错，有点可惜的就是屏幕没有想象中的棒，还是给赞	1
买给老爸的生日礼物，他很喜欢。	1
这个酒店是我住的酒店里最最差的，居然在半夜里装修，给前台打电话居然说，他没听见，不知道他是聋子还是傻子，那么吵闹的电转声音竟然没有听见，我上到五星下到招待所都住过，还没见过半夜三点装修的呢，大家千万别上当了，支持下啊！	0
产品就不评价了，正在使用中。	1
富士苹果，质量不错，送货上门。	1
去成都住的较多的酒店之一。行政房不错。普通房间里的设施比较老旧了。出门打车基本要等，现在修地铁，门口改了单行道就更不方便了。	1
没有发票，赐买时确认有发票为什么没有？	0
只有快倒闭的商家才会用快倒闭的申通，双十一当天的订单，26号才收到货，中间联系商家四五次都是几个小时才自动回应一句。说实话，京东第三方真不是个东西，打1星都多，祝早死早脱生	0
裤子很好，质量不错，穿着很合身，很舒适。以后还会来买。	1
在这酒店住让我此次旅行非常不愉快。酒店在一片黑漆漆烂尾楼的小区内，非常偏僻，出租车司机根本不知道，离海滩有几公里远，要步行5分钟才能走到公路边上打车，虽然酒店有叫车服务，但是叫的是私家车，上车前谈好价钱才敢坐。房间设施还不错，但是房间比较小，也许别的房间会好点吧，楼顶有个观光台，风景还可以，但有很多碍眼的烂尾楼。令我气愤的是，第二天早是11点20退房，退房的是一个瘦瘦的女生。入住时房价160元，押金300，应该找回140元，服务员在前台折腾了好一阵子，说前台没有零钱，让我给他60元找我200，我没多想，就给了她60元。她退钱给我的时候，我的车来了，没有仔细看，后来发现，上面一张是真的，下面一张是假币。这让我非常气愤，想必这是有预谋的行为。事后第二天我打电话到公司经理处投诉，一位女性经理要了我的电话并告知会给我答复。十天已过，毫无音训，一怒之下我决定公开此事，给大家一个忠告。	0
质量很好，非常不错，老公穿着非常合适，穿着非常舒服，有弹力，加绒很保暖，非常值得购买	1
内存要是单条的就好了，以后升级也容易点，不过2G暂时也够用了，目前也没有升级的计划	0
用了一下感觉特清爽，下次继续，	1
苹果外面套了几层的袋子，打开以后最大的也就这样大，说好的70～75呢？这连50都不够。难道是加上袋子75嘛	0
MMS短信能发能收但就是看不了!说的是128MB动态内存,但实际可用的也就1664KB,而且电话号码不复制到机子上的话,那么机子就不能识别来电人,而一旦复制了之后,仅有的1664KB的内存就会急剧的减少,具体的情况看用户的电话号码而定;照相机里只能存20张照片,再多就存不下了,而且不管你的1664KB内存还剩多少;处处说省电模式,但是在用户合上翻盖或者点亮小屏幕的时候,里面的键盘灯和主屏幕等会同时点亮,这才是最大的费电!	0
很差。而且才用几天就压不动了、只能拧开盖子倒	0
系统流畅，上网快，色彩鲜艳功能多，触屏灵敏。	1
这个牌子是我喜欢的和信任的，但是现在不行了，质量不好了，是不是一直竞争价格所以商品质量不行了！	0
酒店员工比较s板，也许我们用携程的缘故，反正以后不去了！！！	0
苹果也是第二次买了 喜欢京东的速度 很不错 苹果也很脆很甜	1
包装盒很不错，还没开始用，但是味道闻起来很好闻，颜色很正，应该是正品	1
不满意，裤子布料不好	0
之前买的都很新鲜，这次怎么这么烂?六个果只有两个没长毛只是干巴了些，其他都烂到长毛了还发给客户?一颗星送给配送员。以后再也不在这里买鲜果了。	0
真心不好，价格高不说了，居然连地毯都是发霉的	0
这次购物体验非常棒，虽然我把电话号码写错了，但是给卖家客服说了以后帮我给快递说了，快递哥哥也是很负责的，也很有礼貌，裤子版型，外观真的不错	1
苹果感觉有点太贵了，没有图片那么大，那么好，不会再买了	0
老是死机，也不知道怎么上网啊，像素哪里有30万，骗人的，真是没法和NOKIA，三星等手机比	0
设施陈旧,卫生差.感觉:四星的大门,二星的客房,没有服务(住了两晚,没见服务员来打扫)补充点评 2007年8月16日 ： 价高质次	0
裤子一般，也不是牛仔	0
亲戚送了一箱饮料，这是挺让人高兴的一件事，但我一看牌子，竟然是蒙牛的。纠结，想想还是喝了吧，拿去倒掉对蒙牛来说没损失，到我有损失。	0
这本书主要是讲数字集成电路的。之前从图书馆借阅过，觉得很不错，所以买了一本。这本书的一个很大的优点就是比较容易读懂，连我这样物理专业出身的人都能看懂书中的绝大多数内容。只要学过半导体器件物理、了解布尔代数基础就可以吃透书中的内容。不过需要指出的是，这本书对于MOSFET的I-V特性的数学描述与一般课堂所学的公式不一样，初看起来不大习惯。	1
垃圾裤子，说我洗了不让退，褪色超级严重，为了其他想买的人直接上图	0
水果确实是很脆，很甜，但是卖相就不咋样啦，不过还是支持！	1
买的时候说秒杀，没收到就降价，还说秒杀不保价，真是醉了	0
不错哦	1
我是老京东会员了，为了给孩子吃才买的，这也太不要脸了，那那里是约80的苹果？和油桃一样大？忽悠客户有意义吗？然后这那里是红富士，吃起来和木头一样。作为京东你们也帮卖家忽悠，人家最多上一次当，又不是非京东不买。	0
同样的牌子同样的裤子，别家只*，这家裤子价钱真是不靠谱。*知道体现在哪里。	0
我是端午节去的，价格合理，环境不错，酒店比较新，房间也比较大，只是空调有所欠缺，老是打不足。餐厅环境可以，菜的味道也不错，特别是有一个厨师烧的螺丝，味道特别好，我们吃完又加点了一份，大家争着吃。湿地是一个空气新鲜、环境安静，适合休闲度假的好去处。有空值得晃晃，交通也比较方便。	1
感觉被骗了……与客服交流，只是搪塞！    准备入手的小伙伴自己看吧——图一是两条裤子对比，其中一条叫什么利，另一条就他家的了。可是你们看到了，一模一样！除了牌子不一样，其他一模一样，发货地址都一样，也不知他两家在哪个小作坊贴的牌！    图二是稀稀拉拉的走线！    图三是我收到的裤子材质细看（颜色被我拍变了点）    图四是他们宣传照片。小伙伴们自己对比图三和图四吧……    反正他家客服咬定是一样的，不知道你们觉得一样不。	0
应该不会吧，以前用过，没感觉有	1
生姜的看着不错，希望有效的！使用过再来追平！	1
说好的黑色呢，差差差评	0
自己在生孩子前后买了好几本育儿书，看下来这本最实用。因为他很体贴，最能消除新妈妈的紧张。新妈妈需要担惊受怕的事情已经很多了。这本书总是说，没关系，这样也是可以的，只要你的孩子常常笑，有活力，不要紧盯着身高体重大便颜色等问题不放。虽然我不喜欢其中有些日本化的语气，但是相比其他的书，他真的很好。日本人做事情真的很体贴的。我们什么时候能做出自己的经典啊～	1
很一般，起毛跑线，看上去不像新的，有点感觉地摊货	0
非常好吃 很满意！皮薄 脆甜！很不错！	1
质量一般，快递慢。	0
对于商品，我真的感觉超赞的啊，质量好也有型，穿上整个人的身材都好了。店家服务态度也不错就算了，而且，快递也好快的哦。。。	1
买来机子时候，配有2块电池跟1个旅充，没有座充的？！即使配了2块电池也不方便啊，还是要在手机上充电。通话声音也不好，太小了，听电话费劲，不过这机子的样子做的还是很讨喜的	0
苹果小的可怜，还不好看，加起来有四斤重，价格太贵。	0
味道很好闻的，蓝瓶装买过了尝试一次这个白瓶的怎么样，容量还是挺厚道的比嗨非斯系列抢，去屑效果有待体验	1
说是生姜洗发水，闻着连个生姜味都没有？我都怀疑是不是买到仿制品了	0
商品很满意，质量很好，而且配送速度快，配送员服务态度也很好。	1
居然不支持GPRS，上网功能没有？？！没有什么特殊的功能，电池不经用，电话本容量比较小!	0
苹果个头不大，味道可以。价格便宜。	1
这是第二次订这个品牌的苹果，比第一次差很多，苹果上面一层１２个很小（总共二层，２４个），卖相很不好，口感也不如上次香甜，不想再购买此品牌的苹果．	0
看样子可以，没有苹果这么红，没吃不知道好吃不	1
还不错，个别有点小，就一个坏了点	1
想读一些心理方面的书或者故事 所以买了这个书 但是里面剧情离奇 心里师自己更是不正常的人。结尾更是神经病~~心里师竟然需要和她的老师睡觉才能治疗 ~~哪有这样的事 看的我都恶心了~~总之到最后 觉得浪费了自己的时间还有很失望	0
衣服真的很不错，刚刚合身，穿上很舒服	1
物流很快，越来越喜欢在京东买东西了，就是服务不怎么好，东西才到手就降价了，我就问可以退差价嘛？人家说要申请价格保护，我说麻烦吗？然后人家就不理了，要是麻烦我就不退了，人家直接不回短信了，东西再好再快，服务跟不上，也是白塔，现在买东西app那么多，拼的就是服务，这个要夸一夸京东快递员服务就很好	1
可以装xp，但内附的驱动盘是vista的，要自己到华硕官网上下载xp驱动就可。内赠送鼠标的，害我另外多买了一个。	1
此款手机是人家用过的给我发的，收货没有发票，没有手机膜，打电话也不好用，买过那么多次京东产品，都是带发票，凭什么我买那么货都带发票，偏偏手机不带啊？价格低就发次品吗？京东手机垃圾，绝对垃圾，就不能退货了，能退货我早就退了	0
这是第二次买了！相信京东自营！送货还是那样给力！	1
酒店本身的环境还是不错的，楼台庭阁，很安静，感觉就像住在园林里面。还有游泳池免费开放，让我们觉得很惊喜，可惜没带泳衣。房间一般，没什么特殊感觉，服务还不错，有服务生帮忙拿行李到房间（没给小费：－）），公司安排的出差，我自己定的酒店，结果回到广州才发现忘记拿发票，打电话给酒店，酒店同意给我寄过来，虽然是到付，但是还是很感激他们。就是没有电梯，楼很矮，好像只有3～4层吧。外面的环境就不是很好了，周边比较落后，距离镇中心还有10分钟车程。	1
质量很好，真的很不错，跟图片上一样一样的	1
苹果很小，不值这个价，实物与图片相差很大，以后不会再买了。坑啊。	1
酒店整体感觉还不错，就是附近没什么吃饭的地方。	1
半夜买现在就到了 赶上了秒杀并且还有赠品 是除了套装里的小赠品还有一大一小两个赠品哦 哈哈 睡醒觉想想觉得超值想再给婆婆买一套就没有赠品了	1
优点就不说了，大家说了很多了，确实不错，笔记本中的战斗机！！！	1
看王小波的小说，很多时候都会被他的语言逗乐。在笑声以后，引发许多对现实生活的思考。在突然间，才发现，原来很多想法大家都会惊人的相近，只是从小时候开始就被不断告诫不应该这么想，所以，才把许多真实的想法深深埋藏在心底，只有在孤寂时才回味起来偷着乐。王小波以一个普通人的眼光，以非常理性的思考，以幽默的语言道出了生活的事实，还原了现实的生活。我很喜欢。每一篇都值得好好品味。	1
用了觉得味道怪怪的，后面特意在超市买了一瓶，味道和效果都有差，应该不是真的	0
到现在还没有看完。粗略地看了一遍，心里非常沉重。这是一个事实，让我不能接受的事实。作为一个母亲，我震惊，但也无法责备那些孩子，因为毕竟责任是多方面的。我庆幸自己找到了这本书，让我知道了这个事实。我与老公一起读，断断续续的，有时实在是不忍心看下去了，但我们知道了我们的教育方向。这个暑假，我将这本书送给读初二的女儿，让她认真地读。我们会共同探讨成长过程中的问题，让她健康、快乐的成才。	1
总体来说体验上等。音质棒棒哒	1
还不错 还不错 还不错 还不错	1
好小，真的不能光看图片。不知道是不是季节原因，前几天去水果店看到的也都不大	1
苹果真的很好吃，脆脆的，香甜可口，同事求链接呢！第一次再京东上买水果，还是很可以的，没有自己想的那么糟糕，京东送货速度也是很快的，第二天就到了，很方便实惠，而且送货员很有耐心，很细心，大大的点赞！会再来的！	1
感觉还算可以的，不过没有香格里拉那么好，价格和协议的也没什么区别．所以还是去香格里拉较划算点．	1
非常不错非常不错非常不错非常的好	1
六心电池装在后面突出一大块影响美观，速度慢机器有点卡，放歌一停顿一停顿，重量比一般的上网本重，触摸板鼠标反应不灵敏，滑的区域太小，	0
价格比成都的高 酒店设施陈旧 卫生条件不好。附近还没有地铁入口 需要打车 15元才能到地铁入口 不推荐	0
1.夜间拍摄的图片差劲。2.不支持红外和蓝牙无线传输。3.文字输入反应偏慢。4.查找电话本效率太低。	0
图片的衣服和到手的衣颜色相差太大了。退色相堂严重。	0
1、驱动不全，还要自己下，品牌机这样似乎不太应该。不懂的人装机可能会遇到不少问题。 2、塑料感较强。	0
对于大部分不抽烟，不喝蒙牛的朋友，这条的启示是别吃隔夜菜。	0
原来一直挺信任京东的产品的，这次买手机没有给发票，有一种被骗的感觉。	0
平板电脑边缘不平，贴膜有空气！已经贴了3张都是一样的效果！要求厂家给我个说法！	0
发错货。发了普通版的给我，不负责任	0
非常垃圾的手机，使用4天，无缘无故出现排线破损，退换货还不给处理。这不是质量问题是什么？还让我自己去华为厂家检测，我是在你这里买的，关华为鸟事？找你们没用是吧？我是没时间去厂家检测，那就只好投诉咯，我还真不信，使用四天的手机自己出现内部破屏，还不处理	0
刚拿到手没升级emu5.0和安卓7.0时连WIFI上网连视频都看不了，还很卡，花了两个小时升级之后真的很让我意外，不仅上网速度提高了，而且运行非常流畅，王者荣耀也很流畅，不过在自带的应用市场没有王者荣耀下载，我是去百度下载的，好多游戏在华为应用市场都找不到，这点很遗憾。	1
每一本书的内容都不错，没有介绍的那么悲伤，人与动物的生死本就是一件自然的事情，只要在日常生活中给孩子慢慢讲讲就会接受的。我把其中的三本读给我不到4岁的孩子听，他听的很认真，对其中的内容很关注。故事的结构有些类同，但语言不错，图画也很好。只是美中不足的地方是有错字和漏字的现象，不能不说是一种遗憾。想想我们小时候看过的书，从来都没有错别字，让我怀念当时做学问的人的严谨。	1
垃圾手机充满电半天都用不到待机一晚上都要用一半电谁买谁后悔	0
鲁迅曾经把某些人叫做流氓才子，胡兰成无疑是其中的典型范本，如果说有不符的是，他还多一个头衔，那就是汉奸。无论我们是多么的鄙夷，他们确实存在的。而胡兰成对我们的可贵之处在于，我们可以知道一个真正的“流氓才子+汉奸”的人，他眼中的世界是怎样的。他们的眼中也有美好的事物，也有恬淡的心情，并不一位凶神恶刹的，或者恰恰相反，还有更多的温情。而真正的勇士，象鲁迅，象其他很多真正的知识分子，因为要直面惨淡的人生，因为要正视淋漓的鲜血，有太多的惨痛和苦闷，反而更少了那种闲情意趣。反观胡兰成，在于张爱玲订立婚书以后，身为汉奸，在战争面临失败、独居武汉的时候，能搭上同住一楼的护士小周；在战争已经失败，身为汉奸被通缉的时候，急急如丧家之犬四处潜逃，再度搭上千里相送的秀美，生活来源却要靠张爱玲写作的接济。书中不以为耻，流露出的却是光荣和自得。这哪是任何一个有所担当、有责任感的人所能做出的事情。时势之下，有的人成为汉奸，不失为一代枭雄，象吴三桂，有的人成为汉奸，仍不过是流氓文人，如胡兰成。	0
酒店装修可以，但设施简单，性价比很低。房间连个写字台都没有，电吹风外面一层橡胶漆粘粘的很恶心，风根本不热，打电话给前台想换个电吹风，结果说他们所有的电吹风都是一样的，是电压的问题，让我出房间用，不要在洗手间用。我拿出房间用，还是一样的不热，搞了半小时才把头发吹干。	0
裤子很不错，面料很好，穿起来非常帅气，喜欢！	1
裤子收到了，试了一下，不错合身好穿颜色也很正！！！喜欢就下单吧！	1
设施设备太老了，老四星酒店了，地理位置还行，隔音太差，大半夜能听到那种声音，总体来说，很一般	0
还没用，看了价格比超市便宜，希望好用	1
这次买的洗发水用完之后的感觉真的真的很不好 虽然知道是旗舰店 但总觉得不太像正品的质量	0
东西一般~平时会给好评的~但是看到这京东老板太给力了~也来个差评把	0
康师傅的经典奶茶和蒙牛的核桃味早餐奶太好喝了	1
这是一本小学读物,用以前评书的方式去写书,深得小学生的喜爱,至于中学生是否也喜欢就不得而知了,作为成人的我,不是太感兴趣.	0
产品貌*，打开就有划痕。客服服务态度差。需要拿回去质检才能决定是否退换，还需要配合质检的时间。大家慎入。	0
大家千万不要去住这间酒店;那里的服务员好像你欠了钱一样;特别是前台;好像你杀了他们全家一样;但是收费确是4星的收费喔;房间的空调就像拖拉机;我真不知携程现在越来越差了'我现在只能每去一个地方跟人酒店去了协议了!	0
苹果味道好，就是小了一点，比想象的要小量了一下，好像基本上都没到70毫米。快递还是挺快的包装专业。有几个有一点小问题，有黑点点，不过不是特别影响吃。也有两三个被摁着了。	1
一直在用质量很好的，物流特快递3天就收到货了超完美的购物。	1
不喝蒙牛喝伊利 喝高钙低脂的减肥痛苦	0
我已经住过两次了。比较满意，特别是接机服务，一个人也接，及时周到。宽带速度也比较快。但是没有大家说的免费果盘。	1
坚决不买蒙牛！	0
分辨率太差	0
这次味道没有第一次买的味道好，而且重量不够，没有甜的味道了	0
东西还行吧，反正不好不坏，头发是能洗干净，但是感觉效果不太好。	1
买移动版的请看清楚 便宜100损失的不止是不能插联通卡 还有运存少了1g 亏死了 100块少1g运存啊 膜都撕了还让换吗！！！x2标配就是3g+16g 哪来的2g啊 都怪自己没看清楚	0
温州人开的酒店，就是这副样子。总的来说还好，就是档次上不去。顶楼的餐厅不错，台塑牛扒很好。	1
包装太简陋了，妈的什么都没有，打开箱子，洗发水直接是打开的！箱子里流的哪都是，都怀疑水货，一直以为京东比较正规，这次购物真闹心，气的我直接扔掉了，cao	0
不好，起毛粒，而且很透明，内裤都看到了，很尴尬	0
本来抱着试试的心态，没有想到物超所值！宝贝包装的也很好。客服态度很好！很贴心！物流也快，没两天就收到货了！真是一次愉快的购物！	1
经常用的品牌，赶上活动，价格美丽	1
牛仔裤收到，质量不错，裤型好，肥瘦刚刚好，物流好快。	1
618活动买来的，4瓶95，比超市还实惠	1
内蒙基层官员：蒙牛伊利没任何毛病 源头不安全 http:t.cn/zjzckIt （分享自 @新浪财经）	0
出门这么多年第一次住到这幺小的酒店 房间太小 没和80块钱一晚上的设施没有任何区别 却胆敢说不输一般五星酒店设施 这吹牛的功夫全是见识了	0
平板昨天下午就收到了故意试了一天再评价！机子是未激活的，看着是新的！没查真伪，今天玩游戏和看电视有点卡，不知道是不是网络不好还是机子的问题！昨晚充电大概用了不到四个小时充满！今天早上一直看电视玩游戏一直到下午剩百分之十几！目前为止还没有其他问题！还有就是我家在农村快递直接送到我们村里不错，而且箱子里还有防震泡沫袋！希望平板以后用着不会让我失望！！就是要是能送个膜就好了！	1
就是这次的送货员态度有点不好，可能是因为忙吧，希望以后不管怎么，能好好说话	0
从初中开始冰心的书就一直带在身边，放在床头，心累了，烦躁了，就拿起她的散文翻看，随着文字的推进，心便随之就平静了……冰心的那些文字，最喜欢，看得最多的是散文，它们没有小说的波澜起伏，没有荡气回肠的力量，也没有匕首般的尖锐。可是，文字中渗透出的那种博大深厚的爱却深深地嵌入了我的生命，融进了我的灵魂中。所以，很早就懂得简单的快乐，懂得“知足常乐”，懂得宽容与爱……	1
OSX下摄像头能找到,但是没法用. 蓝牙和无线使用同一个按钮控制,蓝牙切换过程中无线网卡会收影响. 硬盘好像隔一会儿有吱吱声.	0
帮朋友买的，和我的T400放一起，区别不大，稍微厚点，远看几乎没什么区别，朋友很喜欢，这个价钱，性价比还是不错的	1
系统太难装了,花了我一天时间.其它OK. 今天上来,又特价1999,更超值呀	0
酒店不错,离我要公干的地方很近.房间设施很好,服务也很好,物有所值.	1
前台接待极差	0
我买了一套，是冲着作者买的。没什么内容和深度。	0
还没吃呢。一次性买多了水果来不及吃	1
整体还是比较满意 听音乐看电影玩游戏效果都不错	1
给一星都多了！这样的衣服假的不能再假了，洗两次不仅变大而且还坏了！真的也是够了	0
卖家包装做的不错，苹果木有损伤，吃起来是甜甜的，大小合适。	1
质量差，比别家一样的还贵*。后悔在这家买	0
东西很好 玩游戏很溜 很好用 总体不错 值得拥有	1
海兴慕名而去！我的评价：地段差，服务一般般，硬件还可以！	0
物流太给力了，包装完好，下单第二天就送到了，真是超爱京东，价钱合适，很满意的一次购物	1
非常脆，非常好吃，就是比描述的有点小。顺便提一下送货员的态度真的非常好	1
京东自营物流超级烂	0
头发一点都不顺，和在超市卖的差别很大，可惜了买了这么几瓶感觉要丢掉了唉	0
屏幕质量太渣，分辨率屎一样	0
感觉男主是个很深的人，总是那么看似无害的笑着，估计女主要晕乎了，越是这样女主越会好奇的想走近，人都是这样，两人的交集越来越大了。	1
宝贝第二天就收到了，包装很好，还没用，一直用的品牌	1
1、屏幕分辨率高，独显，适合做图 2、速度够快 3、没什么问题，使用非常正常， 4、3DMark跑1800多 5、完美屏	1
已经用上了，华为品质没得说	1
包装一般，外包装较大，平板的本身外包装很小，平板在里跳得很欢。	1
所在地应该是徐汇比较好的地段，很幽静，旁边就是爱菊小学，出门往右走到路口有超市和水果店，好像还有家西餐厅或是酒吧，但是其他吃饭的地方就不大好找了。酒店出门往左应该可以走到地铁衡山路站，哪个出口就不晓得了。酒店的环境很好，音乐喷泉，青翠草坪，感觉很不错。。。就是房间太小，甚至比香港的酒店还小，另外送餐的种类太少，早餐一般，没体现出上海的特色。。服务还是不错的，但是某些服务员较冷淡，算啦，反正你们的脸色也不是电视机屏幕，不用一直看的	1
宝贝收到 打开一看质量不错我喜欢 装上容易 快递员送到家好评 给5分	1
很好吃，宝贝很喜欢，现在外面的东西看这都不卫生，喜欢牌子的至少质量可以放心，准备出去旅游带的，前前后后买了很多，京东真的很不错，物流又快，棒棒哒。这么热的天，配送员要重点表扬下，真的很辛苦，像你致敬	1
1.手机待机时间短。我不知道海尔所谓的超长待机是怎么定义的，作为手机最基本的使用，一般薄电2天左右，厚电也就3天左右，这还是在一般使用的情况下，如果打电话时间比较长，一天就用得差不多了。2.内存真小，用户可用内存只有2M多，最主要的是它不能扩充，郁闷致极的设计。3.操作复杂。最下面的导航键盘，每次按的时候都提示时候退出，还要点击确认，还有虽然说查找电话本的方式很多，但是也太不实用了，找电话的时候，这个触摸屏的真能把人急死。4.浪费钱。在手机的屏幕上有一个海尔乐园，还不能去掉。不小心按到了的话，它就会拨打12590******的高额收费电话，此点欠缺人性化设计。5.经常性死机。开关机的铃声能响一分钟，真够烦人的。设定的闹钟有时候却不响。	0
看着不错，以前用过感觉还好，这次搞活动还是比较实惠，喜欢的亲们赶紧下手，这么多可以用大半年了，哈哈哈哈哈哈哈哈哈哈哈哈哈哈	1
12月7日入住3号楼豪华标间。酒店规模挺大，也比较气派。房间还不错，干净卫生，配套也算齐全，只是没有配盒式纸巾，印象中四星以上的酒店都有的。物有所值，推荐。	1
哪里象个4星的样子哦! 至少是我住过的4星里面服务最差的. 根本就没有服务! 总台:没有问候, 没有笑容, 没有道谢. 象机器人. 到处空荡荡的.浴缸坏了, 我都懒的叫他们来修, 因为我已经脱了衣服了.真的很差, 那早餐的情形跟个大排档似的.补充点评 2006年10月24日 ： 当然总的来说, 作为中等城市的酒店, 大概都差不多是这个样子的了. 至少安全, 还算舒适.	0
前台服务态度很一般，晚上睡觉居然有人一直敲门。。。 隔壁房住户一直在高声吵架，也没人管。 洗澡的花洒坏了，只有半米高的水龙头有水出来，洗澡还得蹲着。	0
买过六次了，一如既往的好吃，非常之满意。。。对，可以的，带皮吃没问题。	1
清晰度不好，触屏还必须使劲，真是一分钱一分货啊，肠子都毁青了。	0
太小了，后悔了，想换一个，屏幕小，看着不好。	0
上当了！质量不怎样！	0
苹果有好几个都硌坏了，就两三个大点儿，符合标准，其余般都是小的，最小的仅是最大的一半大小，大差啦！	0
苹果有果香，口感酥脆，味道香甜，这是我网购苹果味道最好一次，就是里面有一个苹果大面积碰伤。	1
洗了头发一点也不好梳，都不想用了，浪费	0
牌子还是很霸气的，质量的话应该没问题。	1
很不错，很实惠，闻着很好闻，特别好用，快递很给力，谢谢京东快递	1
喜欢喜欢，简单。我就喜欢这样的衣服	1
设施较旧，但环境不错，价格还可以，没有早餐是件遗憾的事。	1
订购的时候看到网上就有评论说发错货,还担心了半天呢,结果收货时真的是错误的.退掉后从新订购,不知是不是还会发送错误呢,担心......	0
你又知我未戒奶。。嘻嘻。我天天喝蒙牛啊。生日大快乐啊	1
发货及时，物流一流，果子新鲜，快递服务态度好！赞！	1
拍的宝贝是XL的，结果给我发成L的，结果还让我自己出邮费换，再三跟客服强调要2XL的，客服也答应给我发2XL，结果还是发错了，就是这样不用心的对待客户订单么，太差劲了	0
苹果真的很好吃，甜脆的，大小正适合。满意。京东自营就是快。到家还很湿润呢。	1
第一次在京东买水果，第一次感觉不会有爱了，12个，有五个是这样碰伤的，口感也不多汁，实话实说哈	0
苹果很好吃????！超级棒……苹果很好吃。不愧是潘。潘苹果还是超级好吃。继续支持。继续支持。	1
外壳都发霉了，水果很不新鲜，最主要的是还不甜	0
在京东买了好多次水果了，大部分时候水果还是比较好的，这次买的水果最差，可能因为夏天不好储藏吧，但是也很快解决了。	1
机子如何不知道, 还在设定中, 但是退货前一支16G的速度让人惊艳, 送货小哥的速度与服务态度更是没话说;京东, 真有你的 ....	1
大一直用这个奶粉，孩子很喜欢，每天早晚一次，非常非常好	1
水果太小，且不甜，很一般，性价比差	0
买了很多次，用的效果好不错，习惯了用这个牌子，下次还会再买的	1
火龙果只值一星，因为3个火龙果都发霉了。不过送货服务售后都挺好的，顺利地退了钱	0
酒店房间太一般了不值这个价，洗手间一个字差	0
帮同学买的，同学说感觉挺好，质量也不错	1
不错不错，穿起来很合身。布料感觉也很好，快递速度也很快！	1
正品。一直用这款很不错。不掉头发。物流超快。	1
泡沫少，香味淡，包装小，没想象中好，就是广告响	1
再也不吃蒙牛的东东了。抵制蒙牛anything，又改日期卖过期产品 ，又发现石头在果料酸奶里。怎么这么没良心呢？	0
一如既往的好，这几年都是买的这家的裤子，穿起来舒服，便宜实惠。	1
非常非常不好，要的加绒的，给我拿的薄的， 颜色不对还， 特么的， 下回都别买了， 气死我了，	0
这个酒店真不错，房间超大，卫浴设施很干净，窗子很大阳光充足。美中不足，餐厅不敢恭维。但服务人员态度超好，本人在住店期间身体不适得到了家人一般的照顾，感激得很！强力推荐！	1
因为是评价很好的书!所以买了!宝宝二岁三个月,平时很爱看书,但是这套书却是摸也不摸!可能是还太小了吧!这套书不适合小小孩看!.	0
顶起！！！ 我早就开始要求身边朋友亲戚都不要买蒙牛伊利了，人人用脚投票，这种无良企业就无法生存。珍爱生命，远离蒙牛！	0
此书家喻户晓。我要慢慢研读。呵呵。一个字：棒！	0
住的豪华房,房间很大，但其实没什么必要,基本活动范围都在标准床这边,装修有点老，早餐很不错.总的来说下次还是可以去住的.服务不错.要是硬件再好点就太棒了.宾馆反馈 2008年8月1日 ： 谢谢您的支持！硬件方面，我们已经对客房重新进行了装修，性价比很高，期待您的光临！再次感谢您对我们的支持与厚爱！	1
没有明面的插座，需要把台灯下面的插座拔下来。没有Wi-Fi。为了赶早班飞机，凑合住住	0
外形不错 比较好	1
给大叔买的，不是我用，不过觉得他挺开心的	1
什么破东西 又小又不新鲜 不如市场超市的 太差了 第一次购买 不会再买了 差差差 跟描述不符 根本没有300-350g 太差了	0
质量不错， 老公很喜欢，穿上很舒服，	1
当当网既然不热心发一些试读的.就帮纳兰大大发一些推荐http://bookapp.book.qq.com/origin/workintro/5/work_1704965.shtml	1
一点儿都不好，个头特别小，跟说的完全不一样。	0
农村里这样的事情太多了！哎 可恨又可气，又无可奈何 回复 气着了吧！ 当年，蒙牛是踩着无数供应商的尸首才把全国的生产厂建起来的，自打2003年起，我再也不喝蒙牛奶，这帮人前道貌岸然，背后一肚子坏水的人是没有底线的。以前没有，以后也不会有。	0
一星是为降价，价格保护只有7天，买后10天就降价**极其不爽！	0
质量蛮好的，包装不错，发货速度快	1
已经买了好几次了！比超市便宜很多！	0
牛仔裤收到，大小合适，穿上很帅气，质量也不错，舒服又得体，喜欢！	1
这次发的是新包装，很是开心，全家都在用潘婷	1
之前买了一本，送朋友，拿到手后自己很喜欢，就又下单买了一本。书的质量真的不错，只是不知道是不是在运输过程中碰撞的关系，有破损。希望当当加强送货时包装的强度。	1
好！非常好穿！好舒服！质量也不错！卖家生意兴隆！	1
刚刚收到，感觉不错，挺好的。不知是否质量是否如意，还没开始使用呢。	1
轻、薄绝对令人满意，从做工来看似乎也能延续老ibm的品质。散热比预想的好很多，原以为这么薄的东西连续使用肯定会很热。速度也很不错，就是vista那个动辄就要你确认是否“继续”的提醒令人烦恼。	1
下次网购再也不买这个了 到了六个 拔了四个 前面三个里面都软的 有股味道 。	0
果子个头不大，口感欠佳，吃两个了没有一个甜的	0
唉。。。。。。	0
一共买了全套，共六本，第一本就根本看不下去，很失望	0
这套书三册，非常精美，内容也很好，我七岁的女儿拿到书后，坐在地板上用了二个小时读了一遍，喜欢得不得了。然后就将它们放在了床头，时不时地翻看一番，还经常问我想知道什么动物的知识，然后给我讲解，俨然是个行家的样子，可爱极了。她问我有动物百科，一定也有植物百科，我说一定会有，我会再给她买一套植物百科。不过这套书附的光盘我女儿拒绝看，她更喜欢自己阅读文字。	1
裤子刚收到，看起来质量还不错！颜色也非常好！就是还没试穿～、	1
第二次买了，比较划算。一直用这个牌子	1
售后服务差，退无忧表示没有什么用	0
机子暂时用着还好，感觉不像新机子，京东的物流很牛逼啊，千把的东西直接用纸箱装装，妈的连个保护措施都没有？？？这么牛逼，你怎么不上天的？	0
预装分区不合理，京东发货环节存在瑕疵，我选的EMS发成E邮宝，没有事先与我沟通，客服回复较慢，在免运费期间，给我发E邮宝却收费显失公平，不沟通就自行决定更显不是做生意，而是在做官!	0
一口气买了好多东西，吃的用的性价比高，喜欢京东，速度杠杠滴，商品日期都是新的，买的放心，吃的安心	1
上帝啊，价格怎么半年就涨了100元？我得回到光大住了。。。不过，作为一个公寓式酒店，蛮值得推荐的。就是早餐不甚好。	1
果大小合适 还不错 但个人觉得还是不够脆 水分也不够足	1
感觉还可以,就是二层楼房窗外没有风景,被一些建筑物遮挡,可能是广告之类,晚上还可以,有窗帘,白天就不能恭维了.在网上订的,写着有水果赠送,因为还有同事,夸口有水果赠送,结果到房间后根本没有,好没面子,后来催了两次,总算送了过来.总台服务态度特别好.	1
很好，家里买大件和电子产品一直是在京东。值得信赖。	1
下单的时候提示有赠品，发货的时候什么都没有，京东无耻	0
给孩子买的非常不错	1
买家电手机等从来没用过京东。以为之前同事在京东买苹果手机买到假的了。最后没给换，给退了**。所以一直就不太信京东。只是在京东上买一些日常生活用的。这次购物也不是很愉快。本来买套装要送一个小音箱。结果没有送。快递还到的慢。双十一也可以理解快递小哥。但是跟京东客服和商家在询问没有小音箱的时候。那种一副死猪不怕开水烫的态度我也是醉了。反正就是没送怎么了……京东真是不会让你失望，以后还会一如既往的不喜欢京东的。	0
给老公买的,还没有用,外包装不错,期待效果,特别赞送货的师傅,不辞辛苦,那么晚还送来,谢谢.	1
太卡、玩着就死机，很无语。便宜就是没好贷。	0
太小了，小得跟核桃样，再也不买了！	0
没话了 穿了几次几乎烂了 最糟糕的一次网购	0
豪华房很新很漂亮，象套间一样大，有一个专门的行李间；阳台很大，洗手间既有浴缸也有淋浴，还有个小梳妆间。服务也一流，都是见过世面的姑娘们，专业而得体。餐厅也很好，“吃在丁山”嘛，就是价格也是五星级的了。总之是个超级好酒店，专为住这儿，也值得来南京一次呢！	1
买了几次了，没有磕碰坏果，比前次买的稍稍小个，包装很好，快递师傅一如既往的快	1
拍照时总会延时3-5秒.其他操作也有些不便!	0
穿上很舒服，面料不错，蛮好的	1
平板很好用，这个大小正好，孩子拿着也方便，玩王者也很顺畅，有点后悔没有拿那种可以打电话的了。	1
我现在开始要抵制京东了，能**的，就不在这买了，当初为啥看好你，因为你可以**还白条，现在一步步的取消，那你还忽悠办什么光大**干啥，**，	0
系统很人性化。	1
好小，除了核没果肉了，下次再不买了	0
很是喜欢。和图片上一模一样，很不错的	1
垃圾东西，色差太严重，要的XL发的都是M号的根本就穿不了，这是最佳买的最垃圾的东西了，这完全就是坑人呢！严重的差评	0
很不满意这是网购以来质量最差的一次，布料和做工就跟夜市地*！商家你做生意厚道点，钱不是事儿！人品，商德很重要！	0
机子到手感觉很好，快递速度也是很好的，非常快。	1
一点都不好用，用完后有好多头皮屑，肯定是假的，大家别图便宜	0
怀疑是假货，洗后头发不顺滑	0
我认为此书买了完全是等于把钱掉进了阴沟里去了，太不值了。劝大家别买了。买了会后悔的，象我这样。还不如别的书呢。	0
虽然P10挂了，但是还有P9啊，用了两个月再来回复才有力度!!!华为所有手机里，P9虽然也会偶尔卡，也掉电，但是摄像头效果真好！！！！1分给P10的。	0
追加几句：有好多真正的大师，是可以作为大师这个称号的标准的，库布里克就是这么一位。假如您误以为今天中国的某位导演也算是大师的话，可以看看库布里克，看看《大开眼戒》，对照一下不太好算的差距。如果哪位导演你真心在有生之年把成为大师作为目标的话，也劝您看看《大开眼戒》，給自己树立一个标竿。	1
活动买的，很划算，一直在京东购物，相信是正品	1
华为忠粉，很好用，看电影打游戏都不错，就是偶尔机身发烫，重启一下或者待机状态下几分钟就好了～	1
棒棒哒 京东太给力了 苹果还没有吃 看起来不错	1
洗发水收到了清扬洗发水效果非常好。这次618搞活动买的非常实惠。京东商城值得信赖	1
经过几次在保定的住宿和其他酒店的比较，发现中银大厦应该是保定最好的酒店了。反正对我来说只要去保定，现在这里就是我的根据地了。比所谓的五星酒店秀兰饭店要好。	1
同一客人第二次到香港，我第二次用携程帮他订的酒店．找了香港很多其它酒店，就这家性价比最高．但是我自己过去的时候发现，从地铁出来后，远远就能看见酒店大大的PANDA,可走了很久问了好多人才能走进酒店!!客人说他晚上出门买点东西,结果找不到方向打了五分钟都不到的的士回来的!!那种道路建设,如果不是非常熟悉路的,的确是很让人迷糊....不过,总的来讲,客人说他下次仍会住这家,尽管离市区偏远,但相对安静,没有市区的嘈杂.或许这也是他们便宜的缘故所在.每个人各取所好了.建议地铁出来后多建点往酒店的标示牌会更好!补充点评 2008年7月2日 ： 因为道理交通的问题,本打算给4.0的,怎么习惯性的钩了5.0....	1
手感很好，大小合适，速度挺快	1
1、门童不专业，我们是晚上10点到的，下出租时，没人开门不说，连箱子都要自己拿。2、房间太小，浴室也小，不象是四星的标准。3、结帐时竟然说两间浴袍不见了，我们入住时根本就没见过浴袍。还想问酒店要呢！4、入住和结帐都慢，总之以后再去，不会再入住了。	0
1月21号收到货，2月11号屏幕出现一条垂直的粉红色亮线，人格担保平板没有任何磕碰，多次联系客服无果，京东客服就是以不说话结束对话，我买来平板20多天就坏了，结果就只能去维修？华为的东西使用期就是20天吗？还不给退货	0
刚拿到，物流超慢。第六天才送到！还有说好送的吹风机不知道送给谁了?！东西还没用不知道咋样	0
1.相片拍摄及编辑功能实为超强。2.所拍影像整体色彩以及清晰度都比较理想。	1
性价比不错，设计的比较漂亮 ,外观也还不错，送的东西挺多的.送的瑞星改成别的就好了！	1
手机到货很快，外观很漂亮，就是屏幕点大平时拿着有点儿费劲。	1
一次最差的网购，气味超大，退色洗了后整个手指都是黑色，根本就没法穿	0
太次了 这个料子 都懒得退了 真的不值得	0
住这酒店就是为了第二天坐飞机方便。所以机场巴士的服务至关重要！第一晚到时，因为我最后一个上车，没座位，居然让我和另外两个乘客站在车里。安全没保障不说，该酒店这么对坐了飞机劳累的客人？第二天也是坐大巴去机场。上车时司机已经把货物门关了，居然让乘客自己拎箱子到大巴车上。不说说拎不动，你个服务行业的这样服务？下车开个门放个行李的事。	0
给妈妈生日礼物，她很喜欢，看电视小游戏够用了！	1
衣服不错，穿着感觉也可以，就是买的小了点，运动起来不太方便，总之好评	1
空尤其是三立电视台女主播做的序尤其无趣像是硬凑那么多字	0
所谓的携程四星，电梯又小又脏，从电梯到楼道到房间充满低档招待所的味道，半夜2点居然有自称服务员（女）的人敲门，不会再住这家酒店了，对携程的推荐也表示怀疑！	0
为什么不做良心厂家？你服务再好，宣传的噱头再高，你质量不行有什么用？不甜，很难吃	0
开始以为应该不错，结果大失所望！！顶多跟100块的小旅馆差不多！各种设施都老旧的要命！连淋雨花洒坏的！最坑的是网速还限制每个房间几百K!!开个网页都要五分钟好吗？真破酒店！	0
音质很好，电池不错，设计大方，还是物有所值。	1
品牌商品，性价比高，控油效果好，给力。	1
好好好好好，一直在京东购物，质量有保障	1
质量还是挺不错 应该是正品 也算是有保证 白条三期还免息 运行也很流畅	1
性能很不错。显示跟运行速度给力。支持国产芯！！！就是背后的弧形有点失望	1
我和客服说我174，150斤，客服推荐买L号，结果穿在身上跟裙子一样，号码严重偏大偏肥	0
我也喜欢蒙牛的牛奶	1
差评，谁买谁后悔。根本就没法用。卡的你心慌。我就当扔了。说了给发票，箱子打开就一个盒子，啥发票都没看到，退货还要扣300块钱发票钱，我去。坑太深了。建议大家别买。买了马上后悔……	0
穿着一点也不舒服。。。	0
最近的投票怎么那么多！！！吃不消了!晚饭时间捞一个，流言蜚语不及你们的荣誉重要，还记得蒙牛盛典的感动吗。~我们能做的其实有很多~请正面追星 加油每个邮箱只能注册一个ID。投起来。~	1
一般般啦粘毛，裤裆有点变扭	0
不是满的 4/1空的，而且感觉好像买到假的了，闻到香飘柔洗发水，有点小失望    ！	0
书理论较多，看起来令人费解。不实用。建议不要购买。	0
买了看监控的，很好，满分	1
潘婷套盒包装，味道很喜欢，以前也用过，价格比较公道，对头发滋润效果不错，非常喜欢，推荐给大家！	1
我就不知道配货的眼瞎还是怎么，我要的深蓝深蓝深蓝！你们发个浅蓝，而且不是筒裤，跟想像完全不一样，什么垃圾玩意	0
质量挺不错的 尺码刚刚好 穿着也很舒服 很好看非常不错 给好评	1
买了两天，出现卡顿现象	0
上次买还不错，这次竟然给我发了个拳头大小的，*就买了那幺小一个，不值，生气不满意	0
咋天下单今天到货物流快，苹果个不大，脆有点酸还可以。	1
还不错哦，速度快东西好用	1
这是森在获得诺贝尔经济学奖后一部里程碑式的著作，全书从经济、政治、社会、价值观等方面系统阐述了这样一种发展观：自由是发展的首要目的，也是促进发展的不可缺少的手段。可惜我国的发展观里实质上缺少的就是此书所阐述的；国内也很难有这样的佳作，一是缺少这样发展观的学者，就算有也难以发表，可悲可叹	1
这本书的网络版给予自己的震动其实更大，因为很难想象一份禁忌的感情，能让一个读者如此自然而又真心的期待着，理解着并祝福着，但它做到了。订书的时候，我就想着，出于和谐，某些细节与“关系”的定位上肯定会有所变化，果然。但出于对该书的很喜欢，还是买了实体书。虽与网络版略有不同，但仍是一本好书，只是某种方面来说，其震憾度可能会有所减弱，却又比实体书又多了些什么。	1
什么都好，就是有点小。该买十寸的。	1
商品非常好，包装不错，京东的物流非常快！非常满意，太方便了。	1
以前，首信的牌子挺响的，现在好象不行了。不过V859，我还是很喜欢它，它的功能比较接近时尚，双屏了，百万像素拍照摄像头了，还有多种闹钟……	1
产品定位：主流娱乐笔记本。联想在收购了IBM后越发牛b的设计能力越来越强悍了。在4千元档次基本上就没有做得过联想的了。这个笔记本外观不错，性能也还算主流，设计也比较的人性化，唯一的不足是采用奔腾双核，不是酷睿双核。	1
不怎样嘛，很一般，文字看起来有哲理，其实不然，像在记文字账。买后悔了。	0
烟台红富士果然很好吃，皮薄肉多，果大水分足，京东自营品质有保障，物流也很快，当天就到。	1
感觉还不错，液晶电视，配有电脑。位置很好	1
外观很独特，给人耳目一新的感觉，而且导航键很方便平常的操作。按键手感也不错。16和弦铃声效果还可以，声音也比较大。	1
可是最近别人打我的手机，却总提示说我的手机在关机，我用的是联通的卡。	0
一直觉着京东东西不会差，谁知道买的苹果很不新鲜，12个苹果表面都坑坑洼洼，太差了。	0
不好用！第二天就考不进去东西了。	0
还敢在网上买东西吗？风扇是坏的，安装员还要另加三十块钱的安装费。	0
黑我的号，差评黑我的号，差评	0
差差差差差差差差差差差差差差差差到极点了	0
垃圾，618抢购的，130原价标的是，230多，618一过，直接原价110多，现在又150多了，唉，到底什么个价位	0
屏幕很大，很实用，货真价实	1
看到有新的卡梅拉，立即有了一种不一样的感觉，欣喜、激动，没想到在七之后，还有八、九，就象又捞到了一样，迅速下了单子。在看到网评的时候，说是必须带上七才能买，还有一些犹豫，但是当当已经为我们考虑了这个问题。所以，我的这两本就是分别下的单子，也请想要买给孩子们的家长，赶快行动吧。书中的幽默与可爱不仅仅是文字，我觉得更吸引我的是图画，太可爱了，无法描述，只有看了之后才能共同分享。	1
送货非常快，昨晚下单，上午就收到了，也非常快，买了两个套装，走活动，好实惠，给力	1
裤子很好看，特别喜欢这个颜色，没有色差，和图片上一模一样，客服的态度也很满意，很愉快的一次购物下次还来。	1
以现代商业性的语言调侃历史,看了第一页就放下不想再看.以历史内容来说,做到类似于罗贯中的<三国演义>或是二月河的<雍正皇帝>等那样的演绎也就算到了极至.程度再进一步的调侃,给人以歪批戏噱之感,是对历史的不尊重,让人对其内容的真实性有很大的疑问.如果是普通的小说,诙谐幽默是可以的.在历史问题上如此铺陈,让人难以接受.凡此总让人感觉,时下读书的氛围愈发的浮躁.肯静下来潜心读书的人,实在是越来越少,也无怪出版机构和作者们在其他要素上顺应这种趋势,而在书籍本身的内容要素上,偏偏越来越忽视了.	0
到前台发现酒店的广告是数码房间，原来我们订的房间有IPTV，有电脑，有VOD，所以很骄傲的说是数码房间，觉得好玩。服务态度好，但却一问三不知，没有宵夜，却有中药泡脚的骚扰电话。总体还是满意的。	1
假货 假货 洗完头特别痒！买到假货啦！之前在超市买的一套特别好用，所以才买的这个！没想到京东商城也卖假货！枉我那么信任京东，家里的用的东西几乎全部在京东上面买！太让人失望啦！以后再也不上京东啦！失望 失望 失望	0
裤子还是比较透气的，还好，但是穿上去不到一个来月，实际还穿不到一个月，现在线都崩了，裤子都完蛋不能穿了，这质量也太差了吧，	0
之前买了一次，因漏液申请了退货，退款后又重新拍了，没有想到又将退回的货发给了我。之前还有张票，这次连票都没有。无良商家，真是太恶心了	0
就是安卓系统用起来比苹果不顺手，机器还是可以的	1
衣服不怎么样 穿了一次就没有穿了	0
商品怎样暂且不说,先给快递小哥赞一个,因为赶火车提前给快递小哥打的电话,他就及时给送过来了,32个赞.	1
机器还可以 但是第二天就送充电宝 还没享受到前几天的优惠 感觉亏大了	0
7月4日入住该酒店，房间陈旧，一次性纸拖鞋是烂了个洞，卫生间的镜前灯竟然被挖掉了，线裸露在外面，看起来很糟糕，淋浴的莲蓬一碰就掉了，只能用一只手拿着洗，地板漏水...第二天一早吃早餐，等了很久，酒店的早餐豆浆没有了，因为早餐竟然是外卖的，这是我第一次听说。原本跟前台讲好的，推迟到一点退房，结果等服务员来查房，然后到前台办手续只晚了十分钟，竟然要加收半天的房费，而且前台的说法是服务员问了说没有人要退房，是房客的问题，差点晕倒，最后解决的方法是加收了三分之一的房费，不知道这间酒店是不是在房费的结算上有很高的随意性，因为当时急着外出办事，没有继续理论。总之，强烈呼吁大家不要入住这间所谓的国际酒店，真的很糟糕！	0
办理住房登记要半小时.整个大堂像市场乱哄哄!房间布置其差无比!	0
老牌子了，很熟悉啊，终于等到了。	1
犹豫了很久，终于下决心买了。外观挺漂亮。附带的操作系统也漂亮。总体感觉不错	1
我只想说是烂苹果，小的不能再小，最多值一两块一斤，不要上当受骗了啦！次品中的战斗机，咬了一个。酸的！	0
裤子质量不错，是一次满意的购物，下次还是回来的，好评……	1
昨天下单，今天收到。京东物流没得说，送货快，态度好。外包装精美绝伦，第一感特别好。打开包装精神为之一振，其物色泽光艳，轮廓婉转有序，大小高矮搭配得体。商标最能引人注目，不经意看到商家为了打动消费者的心多么用神。一个组合才几十块，物超所值，我的伙伴们，不要再犹豫，    赶快下手！	1
好好好～都好，价格公道～物美价廉～亲们放心购买吧～京东太给力了～	1
老婆现在蛮喜欢在jd上买自营水果的，她说味道不错	1
为什么收到的货和图片不一样？	0
这次是第二次住了，感觉属于干净、卫生、简单、便宜的那种。2年过去有了简单的“升级”，呵呵。就是卫生间改用马桶了~	1
建议对心理学感兴趣的还是买专业的书看吧	0
优点：从自驾车游客吃住的角度看，此“宾馆”已经很不错了。干净、宽敞、自助餐也不错，最大优势是距离景点非常近，开车几分钟就到。缺点：与绝大部分宾馆酒店一样，室内空气污染情况都比较重（不过还可以忍受）。去前如不做好功课，找起来略有困难。	1
华为的忠实粉丝，信赖京东自营，这已经是笫三部了，朋友也要一台，试玩了一下，挺满意的，等一下元旦，有优惠哦|再等一下也是值得的！！！！	1
房间空间小显得压抑，设施简单没有起码的消费品种，装修年份较久卫生条件一般。	1
质量还可以 屏幕够大，京东快递非常快 挺满意的	1
这裤子简直让我无语，跟个吸尘器差不多	0
清扬洗发水很好用。希望一盒两瓶不同系列。不满意刚买完就有减5元和一个吹风机，其他快递，包装等都不错。	1
好假，生姜的没有一点生姜的香味和辣味，以后都不敢买了	0
好吃，苹果不大一次可以吃完，一个课间十分钟就可以吃完了，喜欢。	1
地方离浦东机场很近，有班车接送，算是比较好的地理位置。 但是可能是由于宾馆也是比较老了，所以总体感觉给人是一种比较旧的感觉。 早餐也有待改善，不是特别合口。更不用说给老外吃了。 价格是不贵，比较适合早班赶飞机的人。 总体说来，物有所值吧。	0
东西不错，礼盒装。特价和满减，算下来其实差不多，特价引入流量，满减推高客单价，无奸不商。评价默认五星给零星！钻石会员领不到券给零星！	0
这个真心好吃。很大个，很脆很甜。儿子特别喜欢吃。建议购买。	1
因为喜欢张爱玲，并且拥有两套张爱玲的全集，新出的书怎么能不买？？而且当当还这么实惠，爱到这里好像给这本书和当当做广告。不过你要不熟悉张爱玲或者不喜欢他的文字。我劝你还是不要买了，因为这本书沿袭张的风范，有点晦涩难懂，需要你用心自仔细阅读。不喜欢张的人一定读不下去。值得表扬的是出版商的封面设计的真不错，我个人非常喜欢。装帧也很考究。总之觉得超值~！	1
怎么说呢，这个价位已经不错了。电池续航能力真心棒。	1
作为经济型连锁酒店，我觉得锦江之星要比如家、莫泰等高出一筹。最明显的就是房间本身够宽敞，厕所也不局促，马桶还是加长型的呢。10元的早餐算丰富的。整个酒店的色泽和基调看着舒服，如家就土点。	1
还没拆开瓶盖破了，顶部的标签也被人弄掉了，也不知道是不是真的，京东真是越来越不厚道了，以后尽量去实体店买吧，京东也不能保证买到优质的商品。	0
今年去YZ的时候就选择在新世纪大酒店~ 4星,基本印象很不错~ 靠近瘦洗湖,个园,何园,只有十分钟左右的车程,附近有银行,报纸店,饭店,蛋糕店,茶餐厅,还有超市,应该说生活很便利~是旅游住宿的不错的选择酒店装潢的还不错,我们去的时候免费升级到了23楼的房间.房间比较大,没有烟味和油烟味,感觉很好~ 每天都有房间清理,帮我们换上新的洗梳用品. 感觉很好~酒店备有插座转换器,自己过去就不用带了~ 有宽带,免费的哦:)~!~	1
在这个西部小城市能住上这样的酒店让我很欣喜，提供的免费接机服务方便了我的出行，地处市中心，购物很方便。早餐比较丰富，服务人员很热情。推荐大家也来试试，我想下次来这里我仍然会住这里。补充点评 2008年8月15日 ： 还要特别感谢客房服务员，在我流鼻血时，送来加湿器，真的好感动	1
酒店的服务是越来越差了	0
东西好，就是618票还贵东西还少，要改进	1
这几天一直在抢券购买，喜欢京东购物，又方便又快，而且上午下单，下午就收到了，神速呀！购物了，就更得各种买了，淘到自己喜欢的，又便宜又合适的东西，心情爽极啦	1
明明拍的加绒的，发来一件没加绒的	0
住过最差的酒店，空调漏了，滴答滴答，抽水马桶漏水，最可气的是居然包里还少钱了！也报警了，可也没个所以然，大堂经理姓徐（许）更是缺乏一个四星级管理人员最起码的素养，不知道这样的设施和服务怎会评上四星级的，绝对不会再去住了	0
不带光驱，读卡器居然没有一个封口垫片，只好拿个TF-SD卡套塞进去代用，A面后方有些松，屏幕线裸露。	0
待机时间太短了，不连接网络不玩手机只能待机一天，问了客服，客服说，这手机电量只能用一天，我也是醉了，挺失望的	0
有是啦啦啦几个好小的了。味道还是很新鲜的口感好水分足。又不贵22.9	1
很有诱惑力！下次不贪便宜了！！！	0
不带摄像头，无线网卡的驱动还要到官网上自己下载，比较不方便，希望这方面更人性化一些	0
不好，有味非常刺鼻，而且还慢！	0
蒙牛臭傻逼	0
这个酒店很一般！甚至说不好！就有一点离“红门”很近，徒步爬泰山比较方便，但做车上泰山不方便，服务有好有坏，第一天凌晨到宾馆寄存东西，我跑了三趟拿东西，打搅服务员三次睡觉，但并没有不悦的表情，感觉很好！但晚上住在宾馆我提出用一下公用电脑到些照片，另外一个服务员，用话搪塞我！有点不高兴！其他宾馆都有公用电脑满足来宾的上网或倒照片的需要，他们却搪塞！很失望！还有宾馆的被子感觉不是很干净，还摆了些乱七八糟的东西（都是收费的），还有避孕套和男女洗液，很是搞笑！（当然这些都收费）！害的我牙刷都没敢用他们的，不是怕付钱而是怕脏！o(∩_∩)o...不过话说回来携程在泰安找的宾馆都不怎么样！	0
确实比想象的颜值高，速度快，物流不错，超值，比实体店便宜好多！	1
还没有收到书！！！还没有收到书111	0
便宜不是货，月工资超*建议不要买。	0
裤子保暖，质量好，值得购买。	1
像素太渣	0
苹果很甜很好吃，大小的也说得过，但是！可以少打一点蜡吗，一个苹果都能刮碗，拿回家都够烧顿菜了。苹果上面全是蜡，全是蜡，全都是蜡。。。。。。。	0
很差，穿了几弹性就全没了	0
物流非常快，支持京东，东西还没用	1
一是把录下的话可当作来电铃声，给了很大的个性创意空间啊，我就给所有女同学的号码录了个“帅哥，快接我的电话”的声音，呵呵，爽！二是支持WAP2.0，下载速度很快，而且图片都可以直接显示，坐车的时候无聊还可以在线看网上的小说。外观比较硬朗，比较符合我的个性，机器拿在手里手感也很舒服。据说这个机器是通过意大利TIM认证的，质量应该不错，我用的目前还没出什么问题。	1
太小了，还有商看图片。以事实为依据	0
3个就烂了2个，水果以后不敢买了	0
刚买完一天就降价，犀利意思，搓母娘狗憋	0
机子容易发热！然后就是弯的弯的弯的！！！重要的事情说三遍！！强迫症不能忍啊！！能退货	0
差不多是亚龙湾的酒店里最便宜的，住的豪华单人间，房间比较干净，设施也还齐全，不好的地方是小冰箱在柜子里面散热不好，几乎没法制冷，如果敞开着柜子门又太吵。酒店没有专属的沙滩，最近的沙滩上都是旅游团的人，比较乱。	1
其中一瓶洗发水漏了，箱子里流了一滩，好恶心……	0
地点在市中心，出行方便，服务态度好。住豪华标间，宽敞，重装修较新,卫生不错，免费的矿泉水和咖啡，配的文具包很方便，较人性化，我买了一个，呵呵！。早餐丰富，烫干丝味道佳，娱乐设施比较齐全，桑拿浴比较豪华，据说在仪征是最好的，价格也不贵。	1
竟然不够秤，火龙果不够称，也是很奇葩，吃起来还可以，我觉得少的那些分量还不如自己去水果店买划算呢，本来就是冲着便宜才买的，结果少了一些重量，那就觉得没什么可买性了。	0
东西好，就是618票还贵东西还少，要改进	1
这几天一直在抢券购买，喜欢京东购物，又方便又快，而且上午下单，下午就收到了，神速呀！购物了，就更得各种买了，淘到自己喜欢的，又便宜又合适的东西，心情爽极啦	1
明明拍的加绒的，发来一件没加绒的	0
住过最差的酒店，空调漏了，滴答滴答，抽水马桶漏水，最可气的是居然包里还少钱了！也报警了，可也没个所以然，大堂经理姓徐（许）更是缺乏一个四星级管理人员最起码的素养，不知道这样的设施和服务怎会评上四星级的，绝对不会再去住了	0
不带光驱，读卡器居然没有一个封口垫片，只好拿个TF-SD卡套塞进去代用，A面后方有些松，屏幕线裸露。	0
待机时间太短了，不连接网络不玩手机只能待机一天，问了客服，客服说，这手机电量只能用一天，我也是醉了，挺失望的	0
有是啦啦啦几个好小的了。味道还是很新鲜的口感好水分足。又不贵22.9	1
很有诱惑力！下次不贪便宜了！！！	0
不带摄像头，无线网卡的驱动还要到官网上自己下载，比较不方便，希望这方面更人性化一些	0
不好，有味非常刺鼻，而且还慢！	0
蒙牛臭傻逼	0
这个酒店很一般！甚至说不好！就有一点离“红门”很近，徒步爬泰山比较方便，但做车上泰山不方便，服务有好有坏，第一天凌晨到宾馆寄存东西，我跑了三趟拿东西，打搅服务员三次睡觉，但并没有不悦的表情，感觉很好！但晚上住在宾馆我提出用一下公用电脑到些照片，另外一个服务员，用话搪塞我！有点不高兴！其他宾馆都有公用电脑满足来宾的上网或倒照片的需要，他们却搪塞！很失望！还有宾馆的被子感觉不是很干净，还摆了些乱七八糟的东西（都是收费的），还有避孕套和男女洗液，很是搞笑！（当然这些都收费）！害的我牙刷都没敢用他们的，不是怕付钱而是怕脏！o(∩_∩)o...不过话说回来携程在泰安找的宾馆都不怎么样！	0
确实比想象的颜值高，速度快，物流不错，超值，比实体店便宜好多！	1
还没有收到书！！！还没有收到书111	0
便宜不是货，月工资超*建议不要买。	0
裤子保暖，质量好，值得购买。	1
像素太渣	0
苹果很甜很好吃，大小的也说得过，但是！可以少打一点蜡吗，一个苹果都能刮碗，拿回家都够烧顿菜了。苹果上面全是蜡，全是蜡，全都是蜡。。。。。。。	0
很差，穿了几弹性就全没了	0
物流非常快，支持京东，东西还没用	1
一是把录下的话可当作来电铃声，给了很大的个性创意空间啊，我就给所有女同学的号码录了个“帅哥，快接我的电话”的声音，呵呵，爽！二是支持WAP2.0，下载速度很快，而且图片都可以直接显示，坐车的时候无聊还可以在线看网上的小说。外观比较硬朗，比较符合我的个性，机器拿在手里手感也很舒服。据说这个机器是通过意大利TIM认证的，质量应该不错，我用的目前还没出什么问题。	1
太小了，还有商看图片。以事实为依据	0
3个就烂了2个，水果以后不敢买了	0
刚买完一天就降价，犀利意思，搓母娘狗憋	0
机子容易发热！然后就是弯的弯的弯的！！！重要的事情说三遍！！强迫症不能忍啊！！能退货	0
差不多是亚龙湾的酒店里最便宜的，住的豪华单人间，房间比较干净，设施也还齐全，不好的地方是小冰箱在柜子里面散热不好，几乎没法制冷，如果敞开着柜子门又太吵。酒店没有专属的沙滩，最近的沙滩上都是旅游团的人，比较乱。	1
其中一瓶洗发水漏了，箱子里流了一滩，好恶心……	0
地点在市中心，出行方便，服务态度好。住豪华标间，宽敞，重装修较新,卫生不错，免费的矿泉水和咖啡，配的文具包很方便，较人性化，我买了一个，呵呵！。早餐丰富，烫干丝味道佳，娱乐设施比较齐全，桑拿浴比较豪华，据说在仪征是最好的，价格也不贵。	1
竟然不够秤，火龙果不够称，也是很奇葩，吃起来还可以，我觉得少的那些分量还不如自己去水果店买划算呢，本来就是冲着便宜才买的，结果少了一些重量，那就觉得没什么可买性了。	0
开始通过携程预定的是普通标准大床房，地毯脏，床太小，较差！后来加１００元生到行政间，还可以！比较干净．酒店服务总体还可以．值得一住．	1
跟看到的图片不一样，有一行小字写的不一样。还有上面的盖也和商场的不一样，商场的上面没字，这个有个开字。用着效果也不好，洗完还是油腻腻的！失望，以后还是到商场买有保障。	0
京东送货速度越来越差了 头天到配货站第二天还不给送以后在京东买东西全给差评	0
我家小聪今天着实让我感动呀—— MYC 22:15:10 1、我很关注你的营养和健康 2、你正在喝牛奶，而且喜欢蒙牛的 Sunshine*^__^* 22:16:21 你也想喝奶了 MYC 22:16:34 特注：不是所有的老公都叫小聪	1
特别好，给妈妈的母亲节礼物~她很喜欢~~~	1
根本就没法用。基本属于外在很漂亮，内在什么都不是，要是lg的手机os工程师加把劲应该是很不错的机子，除非自己有能力刷rom,否则就算了	0
住了一次民国楼，说实话感觉很一般。服务可以说算差的。早餐单早，另一份居然要45，9：30早餐就结束了，9：15去居然也收45，而且没有吃两口宾馆就开始收东西了，398的房价，45的早餐啊，说时候，198的房间，免费的早餐也不会出现这样的服务。民国楼的大床房不能住，房间也特小，下次不会再选择。	0
苹果小的可怜，只有鸡蛋那幺小。明显的坑	0
快递要表扬一下！	1
已经记不清这是第几次在京东买水果了，送货上门周到，方便快捷价格实惠，真是不错！	1
和照片上的苹果完全不同，貌似是从地摊上挑出来的，太骗人了，不良商家啊	0
性价比超高，活动优惠很给力。至少比在商场买便宜很多，卖家服务不错，物流速度也很快。	1
姥姥的，烂死了了，差评	0
火龙果全是坏的，打开都有一股刺鼻的味道，就是水果放久了不新鲜的味道，重要的是一点都不新鲜。局部皮都烂容了。一定要退货，太坑人了，难道秒杀的就是这样的。强烈要求退货。太让人失望了！不过快递小哥的服务态度很好，这点做得很好，	0
要的一个赠品没给啊，请回复	0
质量很一般！这就是所谓的京东自营……	0
可以，大屏，清晰，头一天晚上十点多买的，快递第二天一早就送来了，不错	1
基本上就是个大号的P10 Plus，主要买给老人上网看视频打牌看微信用的，用了一周各方面都没问题，性能速度各方面都还可以！	1
昨天下午下的单，今天上午就收到了，只有京东快递才这么给力，平板漂亮，真的漂亮，系统运行快顺畅，看电影，玩游戏都不卡，很值这个价位。	1
刚买就掉价，还送原装套，这伤心怎么平呀	0
位置不错，赶飞机很方便，有机场至宾馆互通大吧，司机根不错，赞一个，就是反复飞机飞过声音很大…	0
地理位置越来越显示优越性了，靠近浦东的2个展会地点:东方明珠或者国际会展中心。所以商住客很多。大堂也堂皇，但是房间就显得很小，行政楼层也不例外，另外居然发现淋浴的水也不太大。还有就是楼下停车比较不方便。	1
欺骗人，我订的慕尼黑黑，结果发的是深蓝，还擅自修改订单信息，有与花花公子客服聊天的截图为证。京东应该管管平台商家，太不讲信用了。懒得换，只是以后再也不会买花花公子的东西了。	0
质量简直是差到了极点，我刚买回去不到一个月时间就排线出问题了，就象上面那位兄弟说的一样，找个售后服务点比上天还难，我东跑西跑，最终还是在一个小角落找到了。那位维修的师傅随便给我搞了几下，我又拿着没有保障的东西回家了~~~没有等多久又出问题了，我简直就不想说什么了，这种公司开来做什么，我全你们还是早点申请破产算了，不要再继续来坑害我们这些无辜的老百姓~~！！！我买手机就几个月我已经把他们维修点给混熟完了，3天两头的往那跑，我建议要买手机的朋友们你们千万千万不要买“科健”哈，不然你们肯定会后悔的~！！！！！	0
是我网购商品质量最差的一次	0
明显是个次品还照样发货，给店家差评！	0
房间设施老旧，但还算整洁。周边有很多商场，方便购物。我把买的东东放回房间，继续Shopping，无非是过个人行天桥而已。交通便利。早餐实在是伐善可陈……	1
真的是分辨率好低，光线感应很垃圾	0
用了一段时间，效果不怎样	0
物流很快，收到打开一看裤子质量也非常好，没有任何问题，穿着也很合身，舒服，非常满意的一次购物，下次还要光临，谢谢	1
显卡低点，识别时3400的，可能驱动没装好，WIN7评估3.5分，主要是显卡3.5分，其他5以上。 送的光盘是VSITA的，没有XP的，要在网上找，先找网卡的，再用驱动人生下载其他驱动	0
什么破玩意！你里面装的是沙宣的洗发露吗！太骗人了京东！常年用沙宣！没用过你家这味！	0
屏幕LED很亮，键盘需要适应，电池还没测试能撑多久。 轻薄便于携带。	1
一直用清扬，去屑效果不错，比超市便宜一些哈，还是满意的	1
说实话 现在用了之后跟我之前在屈臣氏买的完全两样 不敢恭维	0
清扬洗头水刚刚才到，今晚试下好不好，女士可以用吗	1
去年10月去九寨沟时住过， 感觉很好！ 今年再和同事去， 觉得服务差了。宾馆反馈 2008年5月27日 ： 希望客人对我们的服务提出宝贵的意见和建议，做的不够好的地方，我们很乐意接受客人的批评	1
屏幕色彩非常糟糕，不建议购买。真实评价	0
感觉外观挺漂亮，而且5399入手，还送了个原装双肩包。遗憾的是包包是15寸的，14寸的本本放进去有点大。对了，还送了一个2009瑞星杀毒正版软件。可是系统里已经有诺顿，感觉用不上啊。	1
酒店真的不怎么样，不知道怎么评上四星的。房间又小又旧，早餐也没什么吃的，服务也不好，而且会有骚扰电话	0
老 老老老 老老老 老老老 老老	0
还一般般的东西!!!! 没有水分 还特别的小 外观很渣渣 市面上的水果都比这个好 而且刚放一两天就坏了。	0
也许是偶太老了。。。也许是写的太浅了。。。没感觉...	0
衣服质量做工包装挺好的，就是尺寸大了	1
这是个中式的老五星级酒店。性价比太差了，给平时住的3星级的酒店差不多。不推荐。	0
thinkpad品牌号召力是非常好的，联想收购了ibm pc部门后把商务机的研发全放在thinkpad品牌上了。专业的就是好！	1
手机拍照垃圾，对焦慢，发白，成像模糊，听歌也垃圾，中频糊，高频刺耳，非常后悔购买	0
看上挺漂亮，可中看不中用，细看做工会发现，接缝处不是很严，外屏的边缘有明显的隙缝。而且机身上面的漆也不牢固；用没多久，就发现磨得不成样子了。还有就是信号问题，很烦，有时明明对方是开机的却打不通！！！	0
谁都能进酒店就是不让送外卖的进酒店，弄的自己酒店安保多严格似的，酒店这么大一定要客人自己去门口取外卖，从房间走到一楼足足可以花5分钟时间，然后又花5分钟时间走回房间，不知道花这个钱到底得到了什么服务，点个外卖都是给自己找麻烦，就凭这点再怎么好的环境直接差评！	0
没用呢，收到就一瓶打开的，客服是虚拟的根本发不出信息	0
收到货了 裤子穿着很舒服 大小也很合适 版型不错。好评	1
给老妈买的，还不错，没什么大毛病，老妈特别高兴	1
水果都是新鲜棒棒哒，从下单到收货六个小时，太快了……分量很足，好吃！	1
鹅蛋1860块买的，送了皮套送了钢化膜送阿乐视影视会员卡，然后就是包装，就是那个品牌店的包装，没有那个保护的哥包装这方面需要改进一下	1
（京东的服务还可以，但是京东配套的物流就真的是太差了，一般你要发的电子产品都会在过了7天品保期后才能到你手中！）牌子货，时间长，其它没什么，现在一般普通的本本也有这些功能，别的网站上同样一型号只要2000左右，不知道是不是行货，还是多数同志被无情的忽悠了！本人只能无语了，只有认命！	1
不敢相信尽然卡屏，app运行卡顿现象比较常见，cad打开一张图至少三分钟，我是不是做到了假货。	0
我也抵制蒙牛，绝对不买的 被蒙牛看上的男人！	0
只能说不喜欢，不喜欢，不喜欢	0
不错 电话平板	1
超级恶心的一家宾馆，入住后发现写字台窗台上到处是灰尘，非常恶心，向总台投诉后，才打扫干净！服务非常差，房间也非常差，进去后还有异味，而且床非常不舒服，感觉床单也不干净，个人感觉根本够不上星级！太恶心了，这么破的地方，晚上竟然还有人打骚扰电话，问要不要服务，什么破地方！早餐也非常恶心，根本没什么吃的！！?	0
班尼路的衣服做的很漂亮，穿起来很舒服，而且价格也不贵，非常满意班尼路！！下次还买！！	1
是我买了后悔的几本书之一，太贵，内容也不像其他人评论的那么好。就看孩子喜不喜欢看了	0
手机屏幕大，玩游戏超好。物流超快。	1
差得不能再差 动不动就跳了 要是有零星我就给零星	0
发货好快，当天就发货了，质量也不错物美价廉，值得购买	1
早餐比较差，别的都还好啦。离香洲汽车站满近的，步行不到10分钟也就到了。这点满方便的。	1
送货速度比蜗牛还要慢，客服整天忽悠人	0
启动时灌区有声响，分区太少，系统要是Xp就好了，VISta处于换代的过度系统，不喜欢用	0
物流速度好慢啊。而且买的洗颜专科洗面奶都没有锡纸，不是很满意	0
裤子一般了 而却还很大 穿上都要掉了 下单后三天才发货 而却 质量有差 太没有效率了 大家请谨慎	0
看了一个月还没看完 现在的书广告太凶了  内容很平淡语言也一般 不知道是不是翻译的问题	0
我是十月二号住的，各方面的设施还不错，离太古城很近还有酒店免费BUS，值的！	1
差评 差评 差评 真是太过分了 本来还没有头皮屑的 现在 用完之后都有了 差差 差 差 差 差	0
可以插电话卡，还不错	1
价格便宜。性能不错。配置比较好。另外箱子里又送内胆包，包的质量还是不错的。	1
没有以前的好用，感觉味道怪怪的，洗后几天就油乎乎的。不如清扬的好。	0
东西非常好，很好用啊，下次还买	1
发错了，不要紧，你到是给我解决啊，没人管了呢	0
厨卫配备是实在可用的。地理位置不错，在深圳西边新城区，门口附近的便利店、卤水店挺方便。就是房间内装，虽明显优于一般的酒店式公寓，但相对于号称的五星级，还是略显简单、不够大气。	1
好不错哦，送货快有保障相信京东。。。。	1
小巧精致，做工很不错，屏幕看起来也很舒服。蓝牙、无线网卡等等都有，外接电池很厚很大，支持的时间很长，这点很不错，也适合外出携带。	1
衣服褪色，变红，洗不掉。	0
买了不止一件，也不是第一次买了。比店里的稍薄一点，其他的都好。	1
作者在战几时之前用了＂拥抱＂令人叫绝．日本如果没有战败，就有会有美军的占领，没胡官僚主义的延续，没有战后的民发反思，没有～，就不会让日本成为一个经济强国．当然，美国人也给日本人带来了耻辱．对日中关系也造成了深远的影响．文中揭露了＂东京审判＂中很多鲜为人知的东西．让人惊醒．唉！中国人民对日本的了解是不是太少了．	1
没有什么新意，给刚出校门的人看看还可以。	0
洗发水很好而且是正品呢这次活动买的特别合适	1
1、发热量大，需要配备额外散热系统，真的热死个人。 2、模具质量确实是一般。。 3、配备的CPU太搓了，这个系统的瓶颈就卡在CPU上了，667的外频啊 4、键盘不适合胖人使用，分布比较密集	0
本书综合性的向我介绍了马利坦的思想。其实不仅是这位新托玛斯主义哲学家的思想，而且是对整个传统和古典思想的继承与发展。就凭这一点，本书值得一读，而且要细读，因为它的综合概括性很强。所以，依本人的拙见，本书可以作为对西方传统哲学思想的“开胃酒”或者是“饭后甜点”来读更为适宜。祝各位爱智者能从阅读中得到真正的享受。	1
苹果个头大小不一，但是吃了很脆很甜很多汁，还是很不错，好评！	1
包装完好，第一次买平板，慢慢用着感受下，应该没啥大问题。	1
苹果不错，一个有烂点，给予了赔偿，满意	1
本省寄了一个星期才到慢慢	0
10月5日入住，宾馆环境不错，服务很好，房间蛮大的，很干净。卫生间隔音效果不是很好，有滴水的声音。宾馆依水而建，池塘和游泳池错落有致，名副其实的水庐，还好这个季节蚊子不多了：）院子里可以停车，距离天目湖景区大门约1公里，可以沿湖散步过去，约一刻钟。	1
商品质量一般 店大欺客 裤子买小了说给换了结果第二次邮过来和第一次的一样大 再也不在这家买东西了	0
这么好的酒店,价格居然不高,感觉占便宜了似的.内部餐厅也不错,吃海鲜很好	1
我是先看到朋友那借到这本书，认真研究过,发现好,才有购买的欲望,也发现有很多不同的版本的，所以我上网寻找到自己要购买的版本和我朋友的书一模一样时，就在书旁选择了你的书,即使价格方面比别人贵（你是18元，不同版的一般是16.5元,16.3元,15.9元都有）我也愿意买,谁知收到货打开时,还时钻石版,为什么不是与你挂在网上那个普通版一样的呢,真有点被欺骗的感觉,我想换行吗?你给个联系方式吗?我们能否沟通呢?	0
驱动比较难装，累了个半死 华硕的返修率貌似有点高，希望我是个幸运者，别碰到这种事。	0
今天才拿到，试了下机。屏幕大效果好，玩游戏、看HD都不错，毕竟显卡还是比较强劲的。 散热也不错，风扇比较安静。	1
酒店地理位置不错，出门走几步就是海滩。海景房之说过了，因为并不能一览无余，视觉障碍还是有的。酒店大堂空落落的，不甚符合五星级酒店形象。前台服务人员显然需要更多培训，态度和速度都成问题。电梯甚旧。房间的洁净度尚佳。卫生间的淋浴设备欠维护，地漏不够疏通。早餐品种选择看似很多，然而真正可选择的很少，廉价感十足。总之，与国际性同级酒店相比，程度差距明显，携程的价格对于这样的酒店而言贵了。	1
护肤品，家里快变京东仓库了今天用了，感觉挺好的，用过以后头发很顺，也很好梳，而且头发掉的还少了，反正，总体感觉棒棒哒	1
买了10天,死机3次,数据倒不曾丢失	0
1、与携程网之间的沟通或流程方面出现问题，我明明预订了，但是该酒店经查询后答复我说我没有订，没有接到到携程的传真。2、好不容易住进了酒店，却不是我订的双床，而是给了我大床。联系总台，已经没有双床间，要我加钱住豪华间。我没答应，后来给了我一间双床的标间，但是骗我说是豪华间。3、一位姓陈的小姐服务态度极差，可能是大厅经理。总台小姐的态度还是很好。本来这个酒店我是住了好几次的，但是经过这次，下次再也不去住这个酒店了。包括我的朋友我也不会建议他们去入往。	0
这个对果粉太残酷了回复 支持茅台成为国酒，支持蒙牛牛奶成为国奶，支持三鹿奶粉成为国粉	1
买来给老人用的，是正品，非常喜欢，信赖华为，支持华为！	1
购买同款同型号衣服，居然品牌与质量都不一样的！	0
好渣阿第一次穿就起毛还烂了狗血	0
东西一般洗后2-3天头发还是特别的油	0
无窗，这点超级不好，而且订房的时候也没注明，感觉超级不好，下次不会去了，不过除了这点，其他方面也还行	0
做工棒，屏很清晰，速度快，不卡，挺好。	1
大意了，没当快递员面开箱，2个火龙果都开始烂了，1星给快递员	0
产品如说明的好，穿起来很舒服，软软的，颜色也很大方，希望清洗后别掉色，那就艳羡了	1
慈溪酒店挺多的，国际相对其他酒店来说，交通比较方便。实在不认识路，问下路人估计应该都知道。作为一家四星的酒店，应该来说，该有的都有了，大堂挺气派的。一楼的房间跟其他的有点不同，可能价钱稍微便宜的缘故吧。总的来说，性价比还是比较高的。	1
因为要送人，早早就买了，可是拿回来就是个硬盘坏的，又开检测报告，又退货，为了赶在周日能送朋友，只好又下单买了一台。但是第一台都送回去一周了，到现在还没告诉我能不能退。售后服务的效率啊！！	0
这款平板美观，音质好，音量大，也比较清晰，是一款比较好的平板。	1
装xp驱动比较麻烦，我还有一个未知设备识别不了，不知道怎么回事，但不影响使用	0
3999买的，配置不错。现在还可以在同方网站上用积分兑现一个悦读网和一个巧巧英语的卡，号称600当然不值。	1
第四次买了，好好好，送货很快，挺好吃的	1
裤子买回来看着还可以，快递也挺速度的，好评	1
穿着也非常舒服，客服态度也非常友好，总之。谢谢店家，很满意的一次购物！	1
非常好用，屏幕大，系统运行非常流畅，指纹秒解锁的	1
价格实惠，比在实体店里买的便宜，还送了好多东西，挺好的，以后有活动还会来的	1
用了不到一个月时间，就出问题，还有，震动不知道怎么就坏了，还有屏幕也黑了反应太慢，掀盖半天了，图像还不显示，声音太小我现在都没办法听只能用耳塞，我在打电话的时候就会显示没有网络了，无法连接到服务区。	0
环境幽雅，房间卫生，空气清新，服务好 ，安全！！饮食比较好，价位公道，比那些路边店好的多！！	1
看了这本书，很有感触，再次从书中看到一个个或让人快乐、或让人感动、或让人感慨万千、无奈长叹的故事。很多时候，成人总是以为自己的迫切愿望也是孩子的需要，我们总是将自己的观点、自己的好恶强加给孩子，我们忘了，在孩子的眼中，这个世界与成人并不一样。我想，阅读这本书，更多的是改变或形成一个观念。要贴近孩子，要了解孩子，做孩子的知心人，好朋友，用与孩子一样的眼睛与心灵来体验与观察这个世界。	1
不错，一直都在京东自营买，快递超棒	1
这个饭店的位置非常好,我来出差办事,无论是去行政机关,还是去客户公司都很方便.员工的服务态度也很好,效率很高.我认为这个饭店很新,可它仍在不断的装修完善,足可见饭店的重视和集团的雄厚实力.	1
三个 小得不要不要的 有上当受骗的感觉，	0
看电视屏幕会闪屏，不好。这个价格不值得，亏死了	0
很怀疑这个图片是加胖过吗？收到后不过一个巴掌大小！这个价格真心坑！	0
淋浴头竟然自己掉了下来，后来修理好了。马桶一直堵。请求修理两次，态度很好，无奈技术不佳，最终没有解决，大便硬是憋着！	0
衣服不好，太差	0
差评差评差评 衣服都是烂的	0
京东就是快，隔天就到了，日期到2020年，挺好用的呢	1
还是熟悉的配方，还是熟悉的味道，东西还真不错，味道也喜欢。    就是这个价格有点虚高啊。	1
刚买就降价，而且不能申请价格保护！不爽！	0
物流很慢，一个月才到货！质量很一般，跟十几块的没区别。。。客服态度也很差。很失望的一次购物！	0
邮了两天 有坏的 收到感觉不新鲜了	0
物流特别快，618活动买的，东西特别好！	1
昨天下单今天就收到了。大瓶装很合适。就是有一小瓶在盖处漏了感觉不好。还没使用不知道怎样	1
蒙牛，绿色心情。我真的真的是越来越喜欢绿色了	1
烂，退货后，到现在没有返钱。这一星，是给京东的。	0
苹果的外观不错。味道也很好。个头也差不多一样的大。	1
已经买的第二个了，老人用很方便，质量不错	1
买给老家父母的，第二天就收到了，京东果然速度，品相也相当不错?信赖京东！	1
苹果很差的，打开一看居然好几个都是烂掉了的。很失望的一次购物。且还是京东自营的。价格较外面也不便宜。	0
那个叫什么lu什么的系统不怎么会用，想换XP，听说有点麻烦，不知道有没有高人指导下小弟	0
USB端口少 漆面太爱沾手印，得随身带着清洁布。。。O(∩_∩)O哈哈~	0
质量差的没话说，只能认上当了。	0
买的是黑色，来的是深蓝，算了，不换了	1
郑州长城饭店，是我迄今为止住过的酒店里，服务生态度最好的一家。总是在不经意间，获得问候，感觉非常好。	1
包装精美，品质有保证，比超市便宜许多。	1
东西太差劲了 我买回来几天也没咋用 等我用的时候才发现老是跳屏 卡一下	0
质量不错。帮别人买的 。暂时不评论。给京东的物流和服务点赞	1
缩水缩的厉害 都成肚脐装了 ！	0
还不错 挺好用 喜欢	1
其他都不错，就是隔音太差，几乎相当于没间隔。隔壁住的是小情侣，闹腾一晚上，害的我一晚上没睡好	0
当当的服务还是非常到位的，我买的这本书中有一页破了，昨天下午就给我退货了，感谢当当。	1
呵呵。也就*！跟雨衣的布料一模一样。卖128真他么黑	0
散热有待加强，不过12寸的好像基本都是这样的。。 vista的系统，用得很不习惯。。。	0
自动窗帘，窗纱，遥控开关台，是太子酒店独特的地方。演艺馆很有特色，专业的歌舞杂技演员给人留下非常深刻的印象。早餐也非常丰富，不过不够精致，有点大锅饭的感觉。另外，园景房的窗外景色也非常不错，有超大的泳池，园林，还有儿童乐园，我朋友还曾经跑去园子里摘过荔枝~	1
第二次回购了，苹果比第一次的甜，比较喜爱偏甜的，不过苹果丑了好多?，五星	1
物流很快，上午买下午就用上了，赶上618活动买的，很优惠，希望不要出现质量问题，信任华为	1
宝贝还好吧 但服务态度好差 收到货后发现没有发票 联系客服也不理会 如果我东西出了问题我找谁去 太失望了	0
无冷链配送，无冷链配送，无冷链配送，	0
昨天早上下单，下午就送到了，盒装的里边洗发水挤的有一点漏出来，其余都还好。	1
裤子很舒服,大小合适,样式不错	1
喜欢京东购物，公司使用，可开增值税专用发票。	1
我是在买了求医不如求已之后看书中的推荐买的这本书，当时并不太了解书中的内容，买来后基本一口气读完，准备再来读第二遍，书中的理论比较简单可信，我比较认同，其中的养生方法我在学到之后就开始实行，相信将来一定会见到效果。我虽然年纪不大，但我在母亲的影响下，非常重视养生，我的对象也挺信服这本书，觉得不错，可以读一读	1
第一次网购有点失望，刚发来的就脱线了，	0
根本不值255，一进门，就满房的臭烟味。房间太小，标间仅仅能放2张单人床就没有空间了。卫生间淋浴太差，喷头居然在洗澡的时候突然掉下来，幸亏没有砸到脚。连个吹筒都没有，提供的牙刷刷的满嘴都是毛。房间早上没怎么打扫，用过的杯子，茶叶2天都没有清理。厕纸用完了也没有添加。特别值得一提的是早餐，就只有几个包子和稀饭，而且动作还要迅速，晚到一点什么都没有了。前台服务也非常不好，问几次就回答一次。标间最多也只值120.旁边有个锦江之星，比这个大很多，而且去博览中心还有车接送，标准也只要198.强烈建议大家不要往这里住，强烈建议携程取消跟这酒店的合作。	0
设施陈旧，看上去不干净。在携程订的酒店中，这间的感觉最不好。	0
**京东卖我翻新机	0
现在它的价格很低不到1000元，才899元，红色的很可爱	1
跟很多买家一样遇到了表面金属标牌划痕问题，但知道没法退货，去商场看了样机，基本每台都有划痕，所以不知道是RP问题，还是普遍现象。使用中有散热问题，但基本能接受。虽然有蓝牙图标，但其实并没有硬件支持。	0
质量很好，面料不错，手感特别舒服	1
到凤凰如不想住在江边的话，这酒店算是不错的选择，相当的安静。房间的装修有点旧，整体还算清洁。因为酒店比较大，我是给安排住在后座的5楼的房间，感觉有点远，因为电梯还在修建中！位置跟凤凰古城有点远，吃饭或到其它地方都需要打的。	1
我也是5499时买的，本来想买NN901PA但没货，看这款降价就买了。 硬盘通电6小时，完美屏。运气好啊~~~~~	1
我自认为能吃酸的人都觉得酸的不行，还苦，没以前买的好吃	0
我是活动价加优惠券冒得额，价格很合适。用了一段时间了，看电影玩手游效果挺好，很流畅。就是偶尔会出屏幕突然变暗的小瑕疵，也不知道是设置问题还是其它问题，不过不影响使用。买的时候也没送个皮套耳机什么的，有点抠门哦。总得还是很满意的怕。	1
一次买两条，第三次买了，就买他家的，质量不错！	1
面料看起来很结实，更不可能起球，虽然不是特别惊艳，但是绝对物有所值！	0
交通很方便，服务态度不错，就是隔音条件不太好。	1
苹果本身没什么不妥，但是打那么多蜡，这是准备谋杀吗？这玩意能吃吗？这不是害人吗？	0
早就不买蒙牛	0
包装很好，内容不符合产品描述，12个苹果，只有两个直径达到80mm的大果，其他都是60mm多的小果。下次不会再买。	0
质量不错，功能也算较齐全。铃也还可以。价格也能接受。性价比比较高。	1
用了好久，说白了就是大号的手机，不过真的挺方便，而且大小刚好，平时玩的话，配置和大小都够了	1
快递不给力什么鬼态度	0
原以为会等几天，没想到这么快就到了，裤子穿着很舒服，不会有紧紧的感觉，个人觉得挺好的，值得拥有！	1
好好好，白色的穿着很舒服，很好看。	1
裤子质量很好，料子很软，收到的时候很是惊喜，值得购买	1
个人感觉不是自己喜欢的那种图文类型，单调了点，引不起大的兴趣。	0
非常差，买的黑色发回来不一样	0
重量不到1kg，表皮多黑斑，果品很蔫，对此货物不满意。	0
hp 6535B（VA051PA） 全新 在京东买的，有发票，因急需用钱赔钱卖,09年6月1日的发票,包装齐全 13774321320 李先生(上海赤峰路63号)	1
家里的快用完了，有套餐囤货了，很划算，昨天晚上下的单，今天早上就显示派件了，京东的配送真是没说的。由于家里的门铃不好使，快递服务员还特意发了信息告诉放在小超市了，为快递小哥点赞！	1
东西怎样先不说，我18号零点买的东西，23号才送到。呵呵了简直这还是同城发货的。要脸不京东	0
自动充电	0
昨天晚上订的，今天早上就收到了，物流很快，服务态度还很好，谢谢快递哥	1
修身型的，不错，大小合适，卖家很给力	1
只要读一读南怀瑾老先生的《论语别裁》，就发现于丹的心得是多么的肤浅，感觉南怀瑾与于丹在一起，就象大学教授与小学生在一起一样。	0
容易死机通话声音小功能少	0
还是有点厚。不带原装鼠标和原装包，这两样很重要，可以有效方便购买者。否则还要另外购买。	0
非常好的板。不管是性能还是其他的，支持国产，支持华为！	1
宾馆地段不错，可惜没有早餐提供。隔壁的那家饭店很有特色，名字忘了 好像有吉祥两个字 浴室下水很慢。总体评价中等。	1
新手机买来有点卡，充电器是坏的，我用别的充电器可以冲电，我找手机供应商，他们让我找京东快递，两边踢皮球的节奏？货是你们的，应该谁负责？	0
衣服有点紧，不透气	0
本次入住的是商务大床房，房间不错，很大，灯光协调，落地玻璃窗视野宽广，地理位置也很方便，服务人员非常周到（不小心把裤子的扣子绷掉了，呵呵，太胖了，服务员很快就替我钉好了），笑容也非常可爱，价钱在5星里面也算合适。大堂的装修设计应该有些年限了，显得有点过时和俗气，不过这到不影响居住质量	1
东西非常好，购物很满意！东西非常好，购物很满意！	1
货很好 物美价廉 快递也迅速	0
说好的下单就送腾讯视频VIP卡呢！客服给我解释的，竟然说，我这单与图片红字，无关。。。我下单不好使呗！想不通。。。我这单出现的所有文字，我都可以理解为跟我说购买产品有关。。。。说好的下单就送。。结果呢。如果说购买商品无关。。。京东你让我失望了。	0
价格有点小贵，感觉有点陈旧，不是太好	0
给父母买的 京东服务很给力 家是农村的能送到家 太赞了苹果香甜可口 好吃?	1
手机屏幕够大，物流速度超快，满意。	1
。。。。。。差差！	0
裤子质量真心赞，摸起来很舒服，而且感觉很高大上，100分	1
快递是没得说的！快！宝贝还行！就是客服好垃圾想问点问题好像欠他们几百万是的爱理不理的！华为怎么请这样员工！靠	0
很棒的一次购物，服务态度好，主要是宝贝很满意，下次还会光顾的	1
不错，很有弹性很舒服，这个价钱很值	1
平凡生活中的点滴幸福，蒙牛与你同在。	1
老公说洗了头发很痒，这两瓶怎么办？	0
酒店非常失望，入住前电话前台请帮忙预留至十点，结果前台话都没让我说完直接告诉我她现在忙回头再让我打，还真是牛掰啊！特意定的女士楼层大床房，结果本楼层还是有男士入住。入住告知只有双床，好那就换成双床。进屋我就震惊了。开门就是床，两张床并列排放外加拐角一个mini卫生间，最多不会超过8平。房间狭小也就算了，有一晚正在洗澡竟然突然断电，要是天气原因我也就不说了，结果不明原因断电半个多小时连个解释的人都没有，电话也不能用，电视突然就没有信号。楼下餐厅早点样式少，咖啡像水一样。简直不能再失望了。住过各个城市的各种水平的店，真没比这个更不满意了。不会再次入住，也不推荐。	0
个头不大，皮略厚，不过吃起来口感还行，也比较甜	1
有个朋友说，不是我不支持国产，当我支持国产手机时，国产给了我什么好处，以后就算这世界只有华为手机了，老子用喊话都好，也不用华为现在还发现竟然降价了，老子还买贵了，一千个操，f u c k	0
特意等手机用了一周后来评价。发货贼快，上午下单，下午就到货。手机总体不错，适合看视频，京东网站最后一部手机被我买到	1
整体还是不错，都挺新鲜的，特别是苹果和菠萝，很新鲜，味道也可以，但是车厘子就不是特别新鲜，味道也一般，应该放有一小段时间了，不过也理解吧，毕竟这种比较难保存	1
尺码是错的，太大了穿不上，联系客服一个星期了还没消息回复，唉～	0
电池够劲，底部也没有突出。运行XP速度可以接受，风扇噪声也不大。92%键盘打字比较顺畅。雾面屏不反光，看久了眼睛不酸。	1
我觉得迪比特5688这款手机价钱又经济,外观又不会落伍,画面又清晰	1
质量太差，难吃，走过请不要买。这是一个坑人的桑家。	0
宾馆在小街道上，不大好找，但还好北京热心同胞很多~宾馆设施跟介绍的差不多，房间很小，确实挺小，但加上低价位因素，还是无超所值的；环境不错，就在小胡同内，安静整洁，暖气好足-_-||。。。呵还有一大优势就是从宾馆出发，步行不到十分钟就可以到梅兰芳故居等等，京味小胡同，北海距离好近呢。总之，不错。推荐给节约消费的自助游朋友~比较划算，附近特色小吃很多~	1
为什么商品描述是酷睿双核，而我拿到后发现是迅驰？ 打电话给客服，接电话的只会装傻，非常让人恼火！！！ 没人处理我的投诉……	0
洗了几次头发，发现油油的，感觉有硅油残留，瞬间整个人都不好了	0
华为平板非常差，我买回来立即送人了。	0
收到苹果 与图片差别太大了 根本没有红的 骗人的 看看照片吧 必须差评	0
房间有特色服务不错新天地附近也就这家五星了，呵呵，没得选了房间太少，常订不到免费注册 网站导航 宾馆索引 服务说明 关于携程 诚聘英才 代理合作 广告业务 联系我们Copyright? 1999-2008, ctrip.com. all rights reserved.	1
快递神速，品种与描述一样，比上次买的好吃！	1
标价199领券省一百今天就变59了 能不做欺骗人的事不？	0
酒店服务太差了。	0
还不错，买的值，支持国产	1
很失败的一次购物，主要是作为一款千元级别的平板，运行游戏流畅度居然不如我手中的299的平板，更是被699的手机秒杀。明明cpu参数一样，就是这个平板卡成幻灯片。我估计是画面解析度过高，cpu跟不上导致的，但不能否认这是一款设计失败的产品。现在送给我妈用了，因为这个我再也不会买华为的产品。	0
面料和颜色都不错，挺满意的一次网购	1
昨晚下的单，今天上午就收到货了，信赖京东	1
实在是不喜欢，绝对的没看头，浪费我的精力，看了一般就放弃了。有空还是看看旅行手册也好	0
不咋地 洗过了头皮痒 还有头皮屑	0
第一次用这个牌子。希望不要失望	1
按180买的，结果还是小了太多，穿着紧难受	0
酒店还可以， 就是服务不行， 还像是以前国营的那样， 问一句话等很久， 刷卡结账时刷预授权的卡竟然不好用，服务的态度很不好。希望改进。	0
第一次在京东买水果，系失望！！！！	0
使用一段时间评价，华为不错。	1
不建议入住，因为航班晚点，定的房间被取消，去了酒店没房间，终于给找了房间，在一楼，但是旁边都是棋牌室，吵闹的很！	0
我买的的裤子在哪？还是三月份的	0
品牌好价格也不错，除上盖外做工很好，材料也不错。散热好，无线信号不错。装OEM 联想的XP免激活，把虚拟内存关了速度比较满意。带键盘防水导流孔	1
垃圾服务员，挂我电话！	0
这个火龙果我也是醉了，还没有我拳头啊，估计拨开就剩一半了，图片都是骗人的	0
哇超便宜的，第一次买，希望好用吧。	1
服务还可以，房间好，888888888888888888888888	1
上午下单下午货就收到了，特意用了几天才上来评价，除了分辨率差了一点点。其他方面性能都算比较好。这个价钱绝对值得你买！！！	1
真他 妈 的坑，事物跟网上差别太大不说，还特别小，同样的码数跟别人家的比起不是小一星半点，而且裤子面料真的很差～	0
大的是第一次购买的 虽然这次包装小了 但质量没有变化 为节能减排点赞	1
苹果完全不好吃，我还是买来送人的，人家都不好意思说难吃！不会有下次买了！?	0
第二次入住了，酒店有免费接机的服务，坐到车上后还有免费的冰镇饮料喝。酒店的服务员很友好，不管哪个部门的，看到你都会主动微笑问候。客房的设施略显陈旧，客房内没有保险箱，电视机是很老式的21寸球形显像管，大床还是很舒服的，我住的豪华单人间有14扇窗，拉窗帘就要花两分钟，房间面积很大。卫生间的换气扇和顶灯是同一个开关，但是洗澡的时候开着换气扇会觉得有些冷，建议分成两个开关。早餐很丰富，第一天入住还有果盘送。附近就是白鹭洲，走过去只要十分钟，去散散步，风景很好。虽然硬件设置欠缺一些，但下次肯定还是会再住的。	1
从小到大都穿班尼路，面质舒服，大小刚好，再买2件	1
消费体验极高，送货速度快，态度超级好。唯一不足的就是产品分辨率确实低。。。希望这方面技术有所改进	1
不按送货时间送货 也是你们牛逼！之前让你们晚点送说不能改 现在倒好 自己抽自己脸 怎么不按时送呀？客服说快递员辛苦？请问辛苦是借口么？还要我体谅？我之前体谅你们的结果是什么？是你们一次次死板的说不能改时间送货！草！最傻B的公司！网上这么多投诉居然没把你们弄倒闭 也是后台硬了 哪天抓腐败能把你们抓了最好！	0
把晦涩的理论知识串联在一个故事里虽然故事的情节比较戏剧化不过看的出作者是为了把各种知识都能汇在一起 并且结合发生到一个人的身上而编这样可以不使读者产生角色混淆而不能体会书中同心圆的由内而外的变化作者建议阅读这本书的时候可以读几章然后停顿回味其实也没所谓第一次通读一遍然后再反复阅读几次同样能够体会到温故知新的意义	1
裤子又大又长，那里像休闲裤，妈的，还修身呢，真是够了	0
外观太不好了，而且内屏太小了，键盘挨的太紧了，没有座充，太不方便，上当了	0
除了咖啡吧那硬硬的巧克力蛋糕，其他服务都符合喜来登的标准，有宾至如归的感觉。	1
在五星排行榜上挑到的这本书，买回来以后发现不但宝宝不喜欢，连我自己也读不懂，跳跃的思维，难懂的文字，真的不知道怎么会有那么多人给它评五星呢。	0
儿子点名要的洗发水，送货快，物品好。	1
7月30日下午入住酒店,酒店很漂亮。办理CHICKIN人很多，排队30分钟其间酒店前台服务人员很热情，特别是行李部的人员进入大厅就主动问候是否要寄存行李，我在办理完入住后去取行李被主动告知可以帮助直接送入客房感觉很好。赞一个！	1
长发，不顺，用了这个挺好就一直用了，但是超市真是价格贵的心痛，看到618打折果断买了！	1
虽然是老酒店，设备倒是很齐备，价格也合理。地点十分方便：旁边是大马路解放路，往南一直走就到车站，往北直走可到铁塔。酒店四周有难以计数的手机店，要缴通话费或买储值卡都很方便。设备齐全：连220V转110V的转接插座都有。自助早餐：是当地风味的中式餐点，内容丰富。服务态度：前台、客房服务、餐厅等人员都很和善，主动尽力为旅客提出帮助。人员服务态度真可比五星级。真要找出待改进的地方，就是浴室狭窄了点。	1
这次在京东上购买是最郁闷的一次，3件背心退换货时居然给我分3个订单3次送货，害我多出2次运费，还无从投诉，电话、网上都一个样，说帮你查，结果转这转那得不了了之，这点还是淘网上好，以后还是尽量在淘网购买！京东有点让我失望！	0
裤子的质量还不错哦！款式也挺好看的，颜色搭配衣服也很好搭。	1
京东京东让人伤心。第一次在京东买洗发水太差，太差了，洗完头发干枯打结不易梳理很失望，真的我以后再不会在京东买东西了，要求退货，还要把原来的发票提供出来那个发票，收货的时候不小心弄丢了，就要折损16%的税款，这样下来嗯，一瓶洗发水退完货我可能就要损失三四十块钱，京东呀，你自营的东西能不能把品质提高一点，我以为你比 淘 宝 好，结果你自己的东西比 淘 宝 还差，太让我伤心了我会让我身边所有的人知道京东自营的产品质量非常次我再不会来京东购物了	0
蒙牛拥有史上最烂公关团队的公司，没有之一！	0
今天刚刚拿到手就先试用了下，就是下载软件之类的没有玩游戏，还不到半个小时手机的一半就已经发烫到手不敢碰了，真的是冰和火的组合	0
手机是送人用的，好坏我不知道，但我买到不几天就降价了，心情不是很好	0
非常好，小朋友和老人家消磨时光的神器	1
挺好用的，第一次买华为的平板，之前的小米按键有问题。老爹满意	1
欺骗消费者，四星级酒店拿后院的低档房搞促销，实在是上当受骗的感觉，空调温度尽然没用，装修效果最多值壹佰捌拾一晚	0
棒棒棒，给物流五颗星，给快递小哥100分。	1
包装很好，物流很快。为了强固发根第一次选择了这款。但愿真的管用。	1
很好    【京东超市】清扬(CLEAR)去屑男士洗发露 活力运动薄荷型(清爽)500ml(洗发水)    【京东超市】清扬(CLEAR)去屑男士洗发露 活力运动薄荷型(清爽)500ml(洗发水)【京东超市】清扬(CLEAR)去屑男士洗发露 活力运动薄荷型(清爽)500ml(洗发水)	1
质量超好，而且价格非常实惠，重点是老公穿着很舒服，很稀饭	1
酒店的环境很不错,空气也好,房间的设施总体还行,就是卫生间在楼下,半夜起来上厕所实在不方便要走到楼下.酒店比较远一定要有自驾车才能进去.	1
东西好，送货好快，质量很好，值得采购	1
好快的 现在都穿大衣了 你的超级霸气蒙牛！	1
帮同事订的，反馈很差，房间内气味太重，以后不会住这里了，最近几次携程订的都不是很满意，希望提供有价值的信息，要不然担保或者预付对消费者极不负责。	0
酒店的环境还挺好的，服务还可以。有机会还住那……	1
洗发水还没有用，但是快递是真快，早上买下午到，这速度，这包装，有谁能比拟呢，	1
大小还行，色调与店铺展示的图片相差不大，还可以吧	1
圆通简直太差了，一个星期了没有送货没有任何解释，同期的其他4箱牛奶都到了，这货还不知所踪。今天工作日快中午了打个电话说要自己去取，不然30天才能送到！30天！！30天！！！-17度大雪天，水果都冻坏了！而且取货的快递点离投送目的地 -- 我家还挺远，坚决差评差评差差评！！！	0
不满意，买回来就一个充电器，其它什么都没有，还要自己买，有点坑人！各位消费者擦亮眼睛！	0
走入酒店身心感受凉爽,客房送餐免收服务费,味道也挺好的,空闲之余到桑拿做了个保健按摩才100元,感觉不错~!下次到太仓还会选该酒店哦~!	1
衣服质量不错，很好呢。确实不错，便宜又实惠，给卖家一个赞，买到就是赚到了。好评一个	1
垃圾，衣服很长，穿上去上身正好，下身跟泥马裙子一样	0
自提的机器，开机正常，但屏幕没有背光。直接到楼上去找京东客服。	0
此书最受益是这两条1、心中无冷病，不怕热上身。2、肌肤不喜欢冷若冰霜的美人，美丽的女人一定要让身体暖和起来，其他所有的问题都会迎刃而解。说实话以前太不注意“寒”了，搞得自己现在身体很差，脾胃虚寒到了极点。开始认识到要对自己身体好并努力改善生活方式。现在已经好多了，多靠了这些仁心仁术的医生们的书。非常感谢！	1
键盘感觉不太爽，可能用用就习惯成自然了吧。看图以为触摸板是多点触控的，其实不是的，请各位注意了。散热我觉得做的一般，可能是出风口太小吧。	0
誓死不买蒙牛和伊利的任何产品，搞垮他们！	0
房间中规中矩。。。卫生间和床之间稍显狭小。。。前台某个接待小姐态度极其消极。。。我到前台结帐的时候，她不知在整理什么。。。我在她面前站了两分钟。。。忽然有人插队进来。。。这位小姐居然给插队的人先办手续。。而后继续整理。。还叫我等会。。。我就奇怪这种人怎么居然没有被辞退。。	0
： 性价比不错，做工精致，外观尚可，很适合工科生用   这个配置和价位真的很合适，完全够用，而且小黑的质量非常不错。外观不错，我比较喜欢整体都是黑色的本本，所以我对此本非常满意！另外，本本整体感觉本本很结实！	1
很差很差，感觉很山寨，一买完就降价，服了	0
用了还不错，头发滋润顺滑。以前没有用过的可以试一下哦	1
太坑了，平板我就不说了，毕竟这个价位，但是那些配件我就很无语了，加了两百块钱，实际四样东西一百块都不值，，白白被骗了一百多去了，然后周六周日尽然没有一个客服，华为就是这么叼，朋友们要买就买裸奔版的吧，	0
买了送大外甥的，怕其它网上不靠谱特地跑京东来买，结果一个多礼拜就坏了，好失望，这么相信华为，结果……听筒一个礼拜就坏了，音量键调最大声音都小的不行…万万没想到质量这么脆弱	0
本人觉得不错，浓缩型的，没有斥鼻的味道！很顺滑！	1
商务生涯20年来国内最差的一次体验.前台席姓接待斜着眼说话就当是低价酒店的服务也罢.当整夜的飞机轰鸣加上半夜12点还有整批延误旅客的入住的喧闹和争吵让人更本无法入睡.恶劣的是下水道还有回臭,关了卫生间也挡不住.后悔没住其它经济连锁.永不再住!	0
房间不大,但里面的硬件设备不错,地理位置也很好,只是下面的KTV实在比较吵	1
非常稀，感觉像外面公用卫生间里的洗手液，用完头皮非常痒，是非常非常痒，一天之后头发就有头油味了，从小到大都没用过如此之恶劣的洗发水！！！！！    打算去屈臣氏买一瓶一样的，要是用后不一样，京东要怎么赔偿我们消费者？？	0
优点很多大家都说了,我就不多说了.	1
物流挺快非常不错非常好非常好用	1
瓶身是脏的，鬼知道这个瓶子经历了什么，，，而且，包裹也不行，好像堆的地摊货	0
很洗欢是正品感觉第一次买这么一大合洗欢	1
包装完好，配送快，甜脆可口。非常好。	1
第一次买就碰到这种东西 ,以后还得实体店买啊	0
很多观点我都认为和论语的真正含义想去深远，但书的印刷质量还可以	0
水果仓储有问题有长霉的有烂的。	0
在4535G-722G25Mn与这款两者之间挑了比较长时间，当时两者都是3999，最后还是决定要了这款，看中它是Intel平台，性能好些，而且DDR3内存也是未来的趋势，又多个内置摄像头，而且多送100京券。	1
蛮好用的。不错	1
神券买的，挺好的，毛巾够长够厚，手感好，非常不错。	1
寄过来感觉像二手的，很脏，退了。	0
我就奇怪了,评价这么好的书,我怎么就看不出好在哪里呢?孩子好象也不怎么感兴趣.	0
关于物流：纸箱太大，pad来回颠，第二天到的。关于配件：没有贴膜没有保护套，收货之后看了眼竟然开始赠送配件！！！关于商品：个别点位反映有点慢，不怎么习惯。	0
酒店说是可以免费上网,但只是自带网线而言,如要借用酒店提供的网线,要交使用费10元,好象有点过份了.	0
收到了。效果还可以吧。是真的吗？	0
让人感觉不干不净的，不愁客源的垃圾酒店但是赚大把钱的酒店……地毯污渍到处都是，房里味道较重，毛巾浴巾都很旧，房间内完全没有美式的三脚插孔，竟然完全无法使用电脑和充电！电视太小。。。早餐38，没有烤面包机，就一堆面包片撒在那里，没有炒粉或面…食物出品一般，可以吃饱，这点必须肯定！整个酒店应该翻新了，有损上海航空名称。？不过上海浦东机场的上海和东方航空柜台服务也是垃圾，托运行李排队半个小时，柜台人员散漫迟钝，面无表情，一句话都没有，还有不会操作托运行李的弄了一阵都无法完成，把旅客的时间浪费到无以复加的地步！！浦东机场的国内安检也是让人醉了，就开2个口，超过50排队，再来半个小时！！！堪比世界第一慢！！！！海马中午登陆汕尾，烟雨不断，航班延误到4点才飞，60元的红烧肉，没有美式三脚插口的休息座椅区………又是一次旅行的尾声，飞往温馨………平安到达，已是华灯璀璨……	0
配送服务真不敢恭维，有些字还不让评论，不送货上门就算了，还让跑老远自己去拿！！！！！服务越来越差！！！！	0
<荐书>  推荐所有喜欢<红楼>的红迷们一定要收藏这本书,要知道当年我听说这本书的时候花很长时间去图书馆找和借都没能如愿,所以这次一看到当当有,马上买了,红迷们也要记得备货哦!	1
环境还算幽静。别墅标间的房间略小。卫生间倒还算宽敞，设施较好。服务还好。就是价格太高。	1
垃圾，怎么没发货还这么折磨客户，好长时间没在京东买东西了，这是2017年第一次也是最后一次，啥垃圾客服，让我找这个找那个，漏发货是你个人不负责任的问题，你就要承担起这个责任。	0
check in和check out都非常神速。服务员态度很好，回答关于旅游的问题很热情。需要帮助打电话给前台，响应速度也很快。感觉比较亲切～房间干净，落地窗比较敞亮，住高点可以看到维港。房间比较安静。休息得不错～楼下有几个茶餐厅很方便，味道也不错。附近有诺士佛台酒吧一条街，别有洞天。下次还会选择这家酒店。	1
卖相很好，很新鲜，我是**生鲜的老客户，618 第一次在京东上买水果，本次购买赶脚很满意！	1
蒙牛公司用人制度，有德有才，破格重用(极品）；有德无才，培养在用（半成品）；无德有才，限制使用（毒品）；无德无才，坚决不用（废品）@首脑吕海锋	1
还能说什么？物流慢的要死，本来想京东快递可以快，结果比t**的都要慢，平时**3天左右就可以拿了，在这里竟然用了张这么久。我也是呵呵了。	0
苹果个小，味道偏酸，这价格也只能买这样的水果	0
周围环境比较安静，房间干净装潢较新，总的来说性价比高。 离九华山有30分钟的车程，没有车的话会稍微有些不便。早餐品种太少，不过看在是送的也就算了。	1
东西发来充电器是坏的，客服还一直扯皮，真气人！	0
这款第二次购买了，家人说很好用的，希望有更大的活动，这次凑单送了张浴巾，本想给老公用的，但有点小了，应该说是小浴巾，京东快递一直给力。	1
苹果不错，脆度挺好，就像刚采摘没几天的口感似的。拿卡尺量了下，大小70多点，也算描述一致。再大点更好。	1
屏幕很清晰，系统很流畅，但是边缘有点割手	1
京东这是最后一次合作 东西都是旧的	0
这套书真的很不错，就像在讲述一个小孩子的故事，点点滴滴透露着作者的痛心，读后觉得心情很轻松，儿子每每在读这些书的时候都会被里面的内容吸引的开心大笑，也让他从一个淘气的孩子变成一个爱读书的孩子，从客厅到书房，到厕所，到学校，总是爱不释手，带到学校去也成了同学们互相借阅的热门书籍。也很感谢老师的推荐，让孩子在紧张的学习生活中寻找到了快乐的答案。	1
愿意吃苹果，应该不错，尝试一下。	1
手机打电话时噪声有点大，打电话给客服也说不出为啥有电流震荡的声音。京东连着两次买的东西都很失望	0
不好，头皮屑很多，洗了之后，头皮很痒，差，差，差！	0
洗完都是大片的头皮屑！！！	0
这个洗发水大大缩水，里面只有5/4。那5/1不知道去哪了？良心做人。	0
光驱读盘的声音有点异常，安装系统时不能读盘。费了好几个小时才搞定	0
物流挺快，服务特好，裤子大小合适，面料好	1
装修前卫，但是绝对不够精致，甚至有低俗在里面，不耐看！包括大堂和房间，咋不注意，还以为进了装修档次不够的KTV。房间感觉脏兮兮的！性价比低！	0
京东服务态度好，物流也是特别快。昨晚订单第二天收货，省心省力又方便。大品牌的商品就是好，质量有保障。而且家庭装又很超值，家人一直用它。商家赠品也很多很全，想得也很周到。购大品牌就是让人放心，比超市还便宜。所以说，京东购物放心，省心，更值得信赖！	1
速度太慢了 不想说啥	0
11号买的999元，12号买954相差40元，而且连保护套和贴膜都没有，亏死了相差100元，上次买的什么都有，这次都没有，都没法跟朋友交待了，下次再也不敢帮别人代购了。	0
JAVA兼容性不够强，一些程序无法下载，开始以为是手机问题，后来一看是1.0版本的（主流为MIDP2.0）。屏幕不是TFT材质的。	0
小木头很喜欢这套书，就象喜欢卡梅拉那套一样。不管是讲里面的内容，还是把书按套叠起来，都能带给他很大的快乐。而且小木头上托儿所之前，我和他反复地看着关于讲幼儿园的那两本书，让他明白了托儿所里只有老师和小朋友和玩具们，没有爸爸妈妈，但老师会象妈妈一样爱他照顾他，而且还有很多小朋友和他一起玩，会很快乐。后来小木头上托儿所适应很快，一周就适应好了。	1
东西真的很好。看电影打游戏非常爽。非常愉快的一次购物。一点都不卡。	1
酒店的外、内部环境还是很不错的，服务生的服务意识也还可以，但里面吃的东东有些贵，另外携程确认定单时间有些拖延，打车到了宾馆后，被通知没有３２０元的房间了，只能住５２０的了，呜．．．对于自助旅行的偶来讲，有些奢侈．．．．．	1
盗墓系列一直对我有种无名的吸引力。因此一直享有盛誉的盗墓笔记是我第二套选择的相关小说。因为当前市面上太多抄袭的东西。这出小说最好的地方就是应该就是那种章回体的布局吧，至少不是一本一个故事，每次书的结尾老是拉到另外一件事情上，让人有忍不住猜想，等待的感觉。如果读者对新书的感觉不是在期待中爆发就是在期待中消亡的话，我期待着这套书的下一步发展。	1
这个掉头发太厉害了。不知道是假货还是本来就不行。	0
很好用、扁塌细软发质美女们的救星！	1
款型非常好，搭配各种衣服裤子都很好看，质量也很不错，推荐购买。	1
从索爱W810C一上市，偶就一直关注着这部机子。无他，就是偶对这部机子一见钟情！酷酷的黑色机身，还有对WALKMAM的信赖！使得偶不得不爱啊！正所谓前几金难买心头好啊！但是这部机刚上市时虚高的价格，使得偶不得不望而却步！终于半年过去了，W810C的价格也降到了一个比较合理的价位了。偶终于下定决心出手了。看着W810C终于落入偶手，心理那个痛快啊！好了，不说废话了，现在谈谈偶这两天的使用上的一些心得吧！该机的优点前面很多大侠都有过评论，其他的就不说了现在说说偶感觉到的优点吧！1、发短信时是用大字体，看起来很舒服，也减少了打错字的几率。（偶以前用的那部摩托E680I的发短信时简直就是浪费了那么大的屏幕，字体就那么小不点，让人看起来不舒服。）2、不知道大家发现了没有，W810C也有低电的警告灯，就是在红外端口处，每当电池没电时就会一闪一闪的。这样就不用打开屏幕也知道手机快没电了。这样设计比较人性话。	1
比后面那个小一点的根本不大，一样的不新鲜	0
给女儿买的，她应该很喜欢！还没用，不晓得怎么样，国产的应该不会太差。问我为什么差评，就是为了让我有存在感，因为好评太多了！	0
外观没话说！	1
花钱去买, 不值得, 建议要买的人三思	0
预定酒店很顺利。离西街较远，房间很有特色，古色古香，下次去阳朔再住这里	1
假的，和正品的味道完全不一样	0
我一直以为世界首富是比尔&#183;盖茨或沃伦&#183;巴菲特，现在我才知道哦啊世界上还有这样一个隐形的真正世界首富，而且他们还与世界历史上许多战争和金融危机有关。原来世界史还有这样的一面，真是令人打开眼界。	1
平板收到了，很不错，声音很大屏幕清楚，速度很快，安兔兔跑九万分，玩游戏看电影都不错，王者荣耀非常给力啊！全程30祯不掉祯！	1
好像是麦克风  装的位置 不太好，，总是发出“哧哧”的声音。。	0
地毯有很多莫名头发 卫生担忧啊	0
外观：金属边框配白色机身很精致，小小的。 体积：确实轻巧不少，带出去很方便。 键盘：手感不错，大小也合适。 附带的内胆包还挺好的，手感不错。	1
很小，完全穿不进去，很窝心。	0
东西说真的让我有些不满意，不太合身料子一般，一次性穿的东西	1
设施2星，服务零星。担保订单都敢取消，管理混乱，冷淡。	0
很好给男朋友买的。我看了看裤子质量真心不错。然后男朋友穿起来挺好的！打算再在这家店铺给男朋友买一件衣服！因为男朋友也很满意这次买的裤子！????最主要的是老板很热情！服务态度很好！哈哈。服务很热情 卖家态度好 客服很耐心	1
说好的赠吹风机的，结果没收到，问客服也不回话。京东啊，也就这么回事。	0
苹果买回来严重缺水，干的很直接丢垃圾桶，就是垃圾一堆	0
效果不错！值得推荐！用完还用VS！	1
我是第一次在京东买东西，一直都觉得京东的任何东西都是真的，但这个洗发水我真的觉得买太差的，就用了一次，在洗的过程中头发很干涩，扯的头皮疼，而且有头屑，我这是第一次给差评，只要能过得去我都好评了，这个真的过不去，太差劲了。	0
酒店位置不错，就在市中心，从火车站坐2路、9路到体育场下车都可以到，2路还可以到陕州风景区。酒店门口有公交站，6路站牌上写着可以到虢国博物馆，但实际上6路改线了，终点是上村，可以坐到第二个铁路道口下车走一会儿可以到博物馆。定的是单人房，房间不大，但自己一个人住足够了。装修还可以，可地毯和浴室脚垫太脏了！！！！实在太脏了！！！不知道多少年没洗过了！！！其它还好，只是中央空调制冷不太强。一楼餐厅的菜不错，也挺干净，住店客人消费挂帐还可以打8.8折。值得一说的是服务，虽然酒店装修比较旧，但服务是可以达到三星标准的，比较有效率，态度也不错。退房的时候把乘车卡忘在房间里了，房间服务员发现后马上告诉了我。晚上有个穿短裤拖鞋的人想进酒店找人被门童拦住了，被告知短裤拖鞋不能进入，必须衣冠整洁。对这点很满意，这是个城市酒店又不是度假酒店。只是门童的制服太滑稽了。	1
裤子质量很不错，有弹力，洗过不褪色，客服和快递人员都特别好，好评奥	1
电池不行，在连续3次充电12小时后，电池还是只能顶1小时40分钟。在电池剩余电量99%的时候显示还可用电1小时59分钟，实际使用1小时40分钟。	0
如果不是有人送我张礼品卡，我永远不会知道京东为什么永远*，千年老二还是有原因的	0
屏幕看上去好像有点小，呵呵！音响效果也没有预期中的好。价格变化太快了！	0
想骂脏话，屏蔽！	0
在京东买的最差的一次	0
很满意的购物，京东货真价实，是老客户了，希望今后继续为消费者提供优质服务。	1
第一次买这种所谓的畅销书,本来想受教育一下,可能哲学类的书看多了,感觉作者写的很没大脑,平淡如水...一本好书,要么能在书中受到启发,让人学会思考,要么就纯粹的务实,这本书读起来就是小女生写的东西,既不长学问,也不务实,纯粹的纸上谈兵,比较肤浅.不值得阅读..换句话说这样的书都上不了我的书架.看这样的书就是浪费时间.	0
酒店前台的态度极其恶劣，我预定的是12月14日晚的双人间，携程预定是到晚上9点，由于行程改变，到达时间会推后，因为该酒店当天有一个全省会议，考虑到房间可能会紧张，所以在当晚8点前打电话到酒店前台，告知我会晚到，房间请保留，前台的答复是可以，当晚我9点30分到达酒店，前台告诉我过了预定的9点钟，房间已经取消，并且也没有房间了，还拿出携程的预定传真给我看，我说我已经事先电话告知会晚到并且已得到你们的承诺，现在房间取消竟然认为是我的责任，吵了半天来了一个大堂经理，上来又是同样的一堆废话，最后说只能给我一个大床间加一张床，没办法只能接受，对此事件非常遗憾，同时对于携程与这种酒店签订协议也很失望！	0
性价比可以的	1
京东商城产品里面有垃圾！购买需谨慎！京东商城产品里面有垃圾！购买需谨慎	0
送给妈妈的。希望质量过硬！	1
性价比差，吵，隔音差，楼道里一群人说话，睡不好	0
物流很快，商品符合描述很满意的一次购物，下次还会再买	1
屏幕是宽屏的，所以看起来很小，键盘海还是手感很烂，没有预想的好，还以为惠普改了呢…………，后盖板设计严重鄙视，升个内存嗨哟啊从键盘拆掉…………	0
不好，一点也不好，坑人的京东，什么赠品没有	0
难吃，，，一点都不甜，买了15个，，吃了两个，剩下全扔了。家里人没人愿意再吃了。	0
买了两盒，送货及时可靠，苹果包装完好。个子不大，但是很甜，水分足够，儿子爱吃。感谢。618，超值的购物！	1
不满意，再也不会在京东上买东西了，很失望	0
1、电池超级垃圾！待机时间根本不象宣传的那样能待机290个小时，最多2天就完了，而且你还不能通话，要通话待机时间更少！2、外型看着还可以，外壳的做工粗糙，后盖打开时必须有空手道3段的力量才行！3、内存太小，而且不支持扩展！简直就是给你块天鹅肉告诉你只能看不能吃一样！4、客服超级垃圾！	0
日期新鲜，保质期到2020年4月，完全不用担心用不完，还送了电吹风，好赞！	1
平板连个基本保护膜都没有，包装太差劲。同事代取的也没有检查，屏上有道划痕。己更新程序，现在什么都说不清了。真郁闷，只能自认倒霉！谁要再买，一定要问清客服，收到后认真检查。	0
不买蒙牛很多月！ 连飞机餐的蒙牛都不喝了 中国人的无限宽容纵容了蒙牛错的越来越远，屡次原谅助长了蒙牛犯错的胆量，这就是常说的那种虚心接受屡教不改。 转发微博	0
酒店不错，服务人员都很好，比较有礼貌。干净，清静，交通也算方便。缺点是退房狂慢，花掉我半个小时...	1
超级划算实惠。618用了神券抵扣后价格真是惊到了，还送了一瓶护发素。。。很棒。日期都是能用到2020年的。	1
拿到手后，六岁的女儿先是要我每天晚上睡前给她读上几篇。后来实在是太喜欢了，就干脆自己阅读，一个人读到高兴时就咯咯地笑起来，天天跟我说她也想去巴学园读小学。确实，作为在二战前的日本就有的巴学园，小林校长的真正做到因材施教，充分调动了孩子们对学习对知识的兴趣，让他们不觉得学习是个苦差事，不会有考试的压力，没有贫富贵贱的差异，这真是孩子们的天堂。	1
我估计是不是正品，连个QS标志都没有	0
物流速度快，服务态度好，为了京东豆，凑满二十字！	1
本次的预定是帮我同事的,据他们在酒店的感受.....总的来说很不满意!第一,该酒店说是2006年开业,实际上是2006年从别人手中接转过来的,不知道具体是哪一年的酒店,酒店设施很旧;第二,入住的当天,因预定同前台没有沟通,差点导致客人没有房间(结果通过携程的协助才得到解决:通过携程预定成功,但酒店没有留房),后来好象是抽调出的两个房间;第三,入住酒店1015房间情况:流出的水比较脏,风筒也是坏的,报修了很久都没有结果,最后还是通过携程协助才搞定那个风筒;第四,酒店服务员对客人的态度比较不好,1015房洗手间内没有浴缸,客人问是否带浴缸的房间,服务人员说没有,结果客人第二天早上路过1011房间时,通过开着的门看到该房间恰有浴缸,不明白服务员为什么要欺骗客人;第五,早餐时,餐厅服务人员竟然替客人签早餐账单(据后来通过携程调查后,由该酒店前台服务人员电话说是这样的,因当时怀疑属前台设置了相同房间的两张房卡,但其销售部经理说不可能会发生这样的事---感受非常不安全),虽说只有30元钱,但对待客人的态度恶劣---不相信客人有支付能力,怕客人逃单; 员工培训不到位,不知道如何服务;最后,我们以后去北京一定不会再去住这家酒店了,也不会再推荐朋友或是同事入住这家酒店的.补充点评 2007年10月23日 ： 入住及退房都因为上述情况而耽误了很多的时间!不会考虑帮客人节约时间!	0
用了两周，后相机镜头外面的玻璃片突然掉了。里面明显是用双面胶粘的，现在经常掉。客服还是零部件掉落不属于保修范围。真垃圾。买回来的时候除了纸盒子包装，里面没有任何的缓冲措施。	0
一直就在用这个，挺好的，物流挺快，今天下单明天到货，	1
信赖京东！价格实惠，送货快。没有烂的，果子大，味甜！不错。	1
裤子其实不错 合身 店家服务态度也很好 五星好评	1
裤子的舒适度没有看上去那么好，穿上感觉很粗糙	0
这是一本可以给我们生活、工作在现代快节奏时代的人的激励书籍，也许刚一开始你拿着这本书时，会感觉枯燥无味、精神质，但只要你耐心的细细品味下去，用心去感悟里面字里行间的意境，你便会从中得到你人生成功的真谛！强力推荐你去用心专研这本书中的内容，你会从中领悟到你人生中意想不到的财富！	1
面料不错 暖和 弹力很好 一分钱一分货 很值！！！	1
经常买了五六次，觉得好用还介绍朋友用，希望不要让我失望，	0
便宜，做工很好，外观漂亮，配置较高，配的是厚电池待机时间较长。	1
商品很好，果脆，个多，颜色也好看。包装简约环保，物流给力，京东商城的东西就是好。价格也便宜。值得购买，推荐给朋友们的。	1
一直相信京东货品和服务，这次非常不满意，为了看好的赠品，凑单买的，收到货发现没送赠品，问客服，说解决，最终解决就是赠品没有了！没有可以，不要让消费者添加到购物车，再者也可以在发货前告知客户，赠品没有，客户可以选择买或不买，或者另先其它赠品，就这样客户收到货，问才告诉没有赠品了！京东这个服务不满意	0
连续四个批次买到烂的了，投诉无果，请大家谨慎	0
觉得不好笑。。。。觉得么说的那么好啊。	0
包装很糟糕，胶布贴的歪歪斜斜卷做一团，理货员非常的敷衍了事，我订单明明是说要发票和购物小票的，结果打开包装后啥都没有，这次忍了，下次再这样直接退货，哪里来回哪里去！	0
太逗了！看到蒙牛笑喷了	1
512MB的海量内存；标配的线控耳机非常精美；配备了双CPU处理器。	1
这书我是被迫买的,没法子啊.我家老师命令的.东西是满有用的.内容枯燥是任何练习曲的书都无可避免的,台上一分钟,台下十年功啊.整本书都是各种指法练习.条条都是该练的.会对提高基本功有很大帮助.书是按指法分类的.每种都有若干条,大家可以慢慢练.没有好的基本功,只想追求速度,到真正高难度的曲子就会力不从心的.PS:书每条练习曲都是简铺和五线谱对照的.对各个程度都是满方便的.	1
宝贝已经收到了，包装很好，一次买了两套，男用，女用都有，赠品很多，家人比较满意，还会继续关注和再光顾的！	1
多次购买这款苹果了，一如既往的好吃。	1
第一次买苹果，都不大，但是口感不错，平时在锻炼身体，每天一个吧	1
待机时间短！内屏不是主流的TFT！30万像素拍出的照片效果不好！而且无法拍有声的！没有MP3功能！铃声在调至最高时有破音！没有来电防火墙功能！没有电子邮件功能！所谓“纳米光触媒涂层”不知是什么意思！样子现在看上去过于平俗，无时尚或者给人新鲜的感觉！	0
蒙牛新推出的包装挺好看的，不过改变后的高质量当然才是最有说服力的哦！期待蒙牛能够真正的由内而外改变！加油！	1
试用两天，整体不错，核心表现比mtk x20要强，与测试的分数是有差别的，可能是华为的系统优化更给力吧。屏幕显示效果可以，给孩子当学习机用很不错。	1
款式颜色都还可以，物流蛮快的，超赞！	1
还不错的，物流也特别快，一直在用这个牌子，	1
味道还是肯定的，当然外观一般，闻起来有香味。不像外面闻起来没有香味	1
东西很好很喜欢，物有所值	1
花钱的目的无非就是自己很喜欢特别是这款手机让我太失望了，厂家也该深思一下了。看看到底是些什么人在使用这款手机；也该问问他〈她〉们心里是怎么想的。我以前用的是诺基亚6708我觉得比这A1200好多了我说的是性能。A1200最值得炫耀的是它的透明上盖，就是那比较逗人喜欢一点让人眼钱一亮。但是你们有没有发现就是这边存在好多问题；先就不抱什么自动翻盖了。就是在盖好的时候老是左右摇晃。我提议我们一起要求厂家象汽车一样招回；给我们这些用户把那上盖给处理好别的我也不敢再想了；当然也不会再买摩托罗拉的产品了，这么高端的手机明显存在偷工减料，内存那么小。现在那些国产的不知名的手机都没那么小气；扬声器就更别提什么好了，大家有空去找个诺基亚6708听听那才叫扬声器，总之别被华丽的外表给蒙了我就是那样了，希望以后有购买欲望的朋友三思	0
我买了一套，是送给男朋友的妹妹！妹妹拿到很开心，立刻开始播放，可时不时总是卡碟，并且断断续续的！好像是剪辑的，并且剪的不好，衔接不上！送给妹妹，真是好没面子！	0
酒店服务太墨迹	0
不满意，15号以前877元，16.17号899元，18号849元，19号899元，20号（今天）848元，我是17号买的，价格899元，请还我50元，谢谢！	0
有点薄有点透亮，质量太差了	0
苹果个不大，有一个有点儿伤，挑出来先吃。	1
实物与介绍相符，便宜实惠质量好	1
外壳很有特点 条纹很好看 用起来不错 装XP按网上的说的很容易装，还有原装鼠标	1
给妈妈买的专门看电影用的 经济实惠 发货快	1
不错，哈哈哈哈哈哈哈哈哈，好好好好好好	1
图画,文字都不错,尤其是画面.对于小孩子来说,的确是一套不错的图画书.	0
入住了几次，总体感受是服务真的很差，尤其是前台接待人员，完全没有星级酒店服务人员的基本素质和职业道德，差、差、差！！！堪称上海最差的星级酒店！	0
酒店确实价超所值,我们因为班机较晚所以临时住了这个酒店.酒店的硬件设施比较差,不符合我们对环境的要求.细节就不说了.服务也很差,基本上就象个招待所.但是酒店有接机的服务,需要自己与酒店要求,携程不能帮助安排,这点很令人失望.另外,提醒去三亚度假的朋友,在三亚吃海鲜不要听出租车的建议.	0
感觉挺好的,是家不错的酒店,下个月去办事打算还住那儿.	1
苹果收到了！快递给力当天送达！	1
两瓶洗发水也不想退来退去了，包装也太差了吧	0
刚收到，还没用。以后在评价。	1
入住时酒店的低层部分仍在翻新装修，我住的是已完成装修的高层。房间相当干净、舒适、房间和卫生间的设施看得出来都是高档品牌。周围环境也很好，旁边有万佳百货，出酒店往西（右）步行约20分钟就到了福田区的购物中心华强北路。前台直接预订的话要348元。下次无论是自己去深圳还是朋友去，都会推荐这个酒店！	1
铃声音量较大；键盘按键饱满，好使用；机型外表设计也时尚；功能较齐全。	1
裤子的价钱很不直，客服太度很差！	0
京东快递很快，就快递可以，其他就很普通。	1
表面漂亮的代价就是指纹收录机，已经让朋友把机器的外表面和内屏都贴了保护膜。	0
特别差，在京东买了几年东西最差的一次！火龙果晚了两天才发出来，收到之后箱子都流出水来了，打开一阵恶臭，水果都烂成渣了！申请退款还把我白条券扣掉，这一回真是恶心到了。	0
什么鬼呀，买个这个到了你看没耳机，一问告诉我128G的才给，那怎么不早说，再说这别的就不是买的了，那你怎么不不给充电器，到时就说128G的才给充电器呢不得了，坑，买了就后悔	0
内置的铃声不好听，没有红外线功能，内置游戏在键盘上不好操作，外壳比较粗糙，在日光下彩屏比较难看。	0
物流还不错，很快就收到了，裤子价格便宜，质量很不错	1
水果收到啦，包装很精致。箱子也没有破掉行过还好无损，对这次购买非常满意	1
京东的售后服务很差，客服回复慢，换个货都纠结	0
嗯这个品牌速度很快，啊，屏幕分辨率也不错，啊，很满意	1
